/*
SQLyog Ultimate v11.11 (64 bit)
MySQL - 5.5.49-log : Database - online_exam
*********************************************************************
*/

/*!40101 SET NAMES utf8 */;

/*!40101 SET SQL_MODE=''*/;

/*!40014 SET @OLD_UNIQUE_CHECKS=@@UNIQUE_CHECKS, UNIQUE_CHECKS=0 */;
/*!40014 SET @OLD_FOREIGN_KEY_CHECKS=@@FOREIGN_KEY_CHECKS, FOREIGN_KEY_CHECKS=0 */;
/*!40101 SET @OLD_SQL_MODE=@@SQL_MODE, SQL_MODE='NO_AUTO_VALUE_ON_ZERO' */;
/*!40111 SET @OLD_SQL_NOTES=@@SQL_NOTES, SQL_NOTES=0 */;
CREATE DATABASE /*!32312 IF NOT EXISTS*/`online_exam` /*!40100 DEFAULT CHARACTER SET utf8 */;

USE `online_exam`;

/*Table structure for table `applicant_answers` */

DROP TABLE IF EXISTS `applicant_answers`;

CREATE TABLE `applicant_answers` (
  `answer_id` int(11) NOT NULL AUTO_INCREMENT,
  `app_id` int(11) NOT NULL,
  `question_id` int(11) NOT NULL,
  `app_answer` varchar(255) DEFAULT NULL,
  PRIMARY KEY (`answer_id`),
  KEY `answer_id` (`answer_id`,`app_id`,`question_id`),
  KEY `app_id` (`app_id`),
  KEY `question_id` (`question_id`),
  CONSTRAINT `applicant_answers_ibfk_1` FOREIGN KEY (`app_id`) REFERENCES `applicantinfo` (`app_id`),
  CONSTRAINT `applicant_answers_ibfk_2` FOREIGN KEY (`question_id`) REFERENCES `question_bank` (`question_id`)
) ENGINE=InnoDB AUTO_INCREMENT=1763 DEFAULT CHARSET=latin1;

/*Data for the table `applicant_answers` */

insert  into `applicant_answers`(`answer_id`,`app_id`,`question_id`,`app_answer`) values (1,13,1,'Sanctuary'),(2,13,2,'Quantity'),(3,13,3,'Originate'),(4,13,4,'Attenuate'),(5,13,5,'Totality'),(6,13,6,'Accumulate'),(7,13,7,'Impartiality'),(8,13,8,'Analyze'),(9,13,9,'Prototype'),(10,13,10,'Unrelenting'),(11,13,11,'Environ'),(12,13,12,'Chance'),(13,13,13,'Culmination'),(14,13,14,'Perceptive'),(15,13,15,'Prone'),(16,13,16,'Reproduction'),(17,13,17,'Deter'),(18,13,18,'Approving'),(19,13,19,'Guaranteed'),(20,13,20,'Leased'),(21,13,21,'Imitable'),(22,13,22,'Equidistant'),(23,13,23,'Central'),(24,13,24,'Interrupt'),(25,13,25,'Dispel'),(26,13,26,'Exploit'),(27,13,27,'Foreign'),(28,13,28,'Permanence'),(29,13,29,'Vulnerable'),(30,13,30,'Reciprocal'),(31,13,31,'Abundance'),(32,13,32,'Diffuse'),(33,13,33,'Retire'),(34,13,34,'Agreement'),(35,13,35,'Obtuseness'),(36,13,36,'Consign'),(37,13,37,'Obsolete'),(38,13,38,'Introductory'),(39,13,39,'decreases only if r is greater than t'),(40,13,40,'${{XS_1\\over 100}+{XS_2\\over 100}+{XS_3\\over 100}}$'),(41,13,41,'${{xA\\over 100}+{yB\\over 100}{Kd}}$'),(42,13,42,'${X - tY}$'),(43,13,43,'${T + W(R - 1) + Z}$'),(44,13,44,'${B\\over D}$'),(45,13,45,'remain constant only if A equals B'),(46,13,46,'${St\\over R}$'),(47,13,47,'${.20}$'),(48,13,48,'${{100\\over 1250X}+{T\\over 1250Y}+{Z}}$'),(49,13,49,'remains constant'),(50,13,50,'${D(R-5)\\over 100}$'),(51,13,51,'remains the same'),(52,13,52,'${S - 60 \\over  4}$'),(53,13,53,'be divided by 2'),(54,13,54,'${.9\\%}$'),(55,13,55,'${SD}$'),(56,13,56,'divided by 4'),(57,13,57,' 1 to 10'),(58,13,58,'${{Mm\\over h } hours}$'),(59,13,59,'${24}$'),(60,13,60,'none of the foregoing'),(61,13,61,'100'),(62,13,62,'25'),(63,13,63,'k'),(64,13,64,'i'),(65,13,65,'t'),(66,13,66,'o'),(67,13,67,'k'),(68,13,68,'o'),(69,13,69,'l'),(70,13,70,'m'),(71,13,71,'i'),(72,13,72,'e'),(73,13,73,'e'),(74,13,74,'v'),(75,13,75,'l'),(76,13,76,'g'),(77,13,77,'d'),(78,13,78,'o'),(79,13,79,'y'),(80,13,80,'k'),(81,13,81,'t'),(82,13,82,'w'),(83,13,83,'u'),(84,13,84,'f'),(85,13,85,'j'),(86,13,86,'z'),(87,13,87,'p'),(88,13,88,'u'),(89,2,1,'Storm'),(90,2,2,'Copy'),(91,2,3,'Remaining'),(92,2,4,'Consolidate'),(93,2,5,'Totality'),(94,2,6,'Integrate'),(95,2,7,'Direction'),(96,2,8,'Judge'),(97,2,9,'Dispersion'),(98,2,10,'Assessable'),(99,2,11,'Environ'),(100,2,12,'Instant'),(101,2,13,'Correlation'),(102,2,14,'Constituent'),(103,2,15,'Exempted'),(104,2,16,'Illustration'),(105,2,17,'Create'),(106,2,18,'Complex'),(107,2,19,'Civil'),(108,2,20,'Conformity'),(109,2,21,'Relative'),(110,2,22,'Variable'),(111,2,23,'Proven'),(112,2,24,'Prevent'),(113,2,25,'Promulgate'),(114,2,26,'Abandon'),(115,2,27,'Excessive'),(116,2,28,'Agitation'),(117,2,29,'Irresolute'),(118,2,30,'Variation'),(119,2,31,'Maturation'),(120,2,32,'Influential'),(121,2,33,'Listen'),(122,2,34,'Credit'),(123,2,35,'Obtuseness'),(124,2,36,'Allot'),(125,2,37,'Obsolete'),(126,2,38,'Bilateral'),(127,13,89,'10,998'),(128,13,90,'880'),(129,13,91,'330'),(130,13,92,'115'),(131,13,93,'48'),(132,13,94,'100'),(133,13,95,'0.14'),(134,13,96,'45.5'),(135,13,97,'700'),(136,13,98,'1.76'),(137,13,99,'33'),(138,13,100,'${1\\over 2}$'),(139,13,101,'20'),(140,13,102,'2.910'),(141,13,103,'500'),(142,13,104,'112'),(143,13,105,'0.005'),(144,13,106,'210'),(145,13,107,'1.6'),(146,13,108,'3000'),(147,13,109,'200'),(148,13,110,'15'),(149,13,111,'15'),(150,13,112,'0.99852'),(151,13,113,'430'),(152,13,114,'${1-2\\over 31}$'),(153,13,115,'0.055'),(154,13,116,'${1-1\\over 4}$'),(155,2,39,'increases only if r is greater than t'),(156,2,40,'${{XS_1\\over 100}+{2XS_2\\over 100}+{3XS_3\\over 100}}$'),(157,2,41,'${{xy\\over 100}{(A + B  - Kd)}}$'),(158,2,42,'${tXY}$'),(159,2,43,'${T + Z + WR}$'),(160,2,44,'${A\\over B}$'),(161,2,45,'increase if A is greater than B'),(162,2,46,'${SR\\over t}$'),(163,2,47,'${.02}$'),(164,2,48,'${{X\\over 12.5}+{YT\\over 1250}+{Z}}$'),(165,2,49,'is 4 times the area of the original one'),(166,2,50,'${R-100DR-5}$'),(167,2,51,'is 4 times as large'),(168,2,52,'${S\\over 4L + 60}$'),(169,2,53,'increase by ${S\\over 2}$'),(170,2,54,'${11\\%}$'),(171,2,55,'${100S\\over D}$'),(172,2,56,'reduced by one-half value of l'),(173,2,57,'10 to 1'),(174,2,58,'${{M\\over m } hours}$'),(175,2,59,'${4.444}$'),(176,2,60,'8'),(177,2,61,'64'),(178,2,62,'19'),(179,13,117,'CCCC'),(180,13,118,'6'),(181,13,119,'28'),(182,13,120,'e'),(183,13,121,'10'),(184,13,122,'12'),(185,13,123,'16'),(186,13,124,'22'),(187,13,125,'KLMM'),(188,13,126,'e'),(189,13,127,'c'),(190,13,128,'26'),(191,13,129,'UEIA'),(192,13,130,'SMCS'),(193,13,131,'27'),(194,13,132,'12'),(195,13,133,'ZHNA'),(196,13,134,'GHHI'),(197,13,135,'i'),(198,13,136,'64'),(199,13,137,'20'),(200,13,138,'8'),(201,13,139,'j'),(202,13,140,'BCBC'),(203,13,141,'APQB'),(204,13,142,'k'),(205,13,143,'CCDE'),(206,13,144,'30'),(207,13,145,'x'),(208,13,146,'15'),(209,13,147,'SBCD'),(210,13,148,'g'),(211,13,149,'HGFE'),(212,13,150,'k'),(213,13,151,'a'),(214,13,152,'j'),(215,13,153,'r'),(216,13,154,'KGTK'),(217,13,155,'i'),(218,13,156,'CWKR'),(219,13,157,'9'),(220,13,158,'g'),(221,13,159,'d'),(222,13,160,'DRSE'),(223,13,161,'KMNO'),(224,13,162,'u'),(225,13,163,'42'),(226,13,164,'DEFC'),(227,13,165,'w'),(228,13,166,'b'),(229,13,167,'GNFM'),(230,13,168,'52'),(231,13,169,'7'),(232,13,170,'ABDI'),(233,2,63,'j'),(234,2,64,'u'),(235,2,65,'s'),(236,2,66,'n'),(237,2,67,'g'),(238,2,68,'n'),(239,2,69,'n'),(240,2,70,'p'),(241,2,71,'m'),(242,2,72,'d'),(243,2,73,'g'),(244,2,74,'v'),(245,2,75,'a'),(246,2,76,'g'),(247,2,77,'p'),(248,2,78,'r'),(249,2,79,'z'),(250,2,80,'n'),(251,2,81,'q'),(252,2,82,'k'),(253,2,83,'v'),(254,2,84,'g'),(255,2,85,'k'),(256,2,86,'x'),(257,2,87,'l'),(258,2,88,'w'),(259,2,89,'10,098'),(260,2,90,'880'),(261,2,91,'33,000'),(262,2,92,'15'),(263,2,93,'0.048'),(264,2,94,'50'),(265,2,95,'14.0'),(266,2,96,'45.5'),(267,2,97,'2.4'),(268,2,98,'14.4'),(269,2,99,'500'),(270,2,100,'${4-1\\over 8}$'),(271,2,101,'20,000'),(272,2,102,'2.9046'),(273,2,103,'50,300'),(274,2,104,'112'),(275,2,105,'5.5'),(276,2,106,'210'),(277,2,107,'0.16'),(278,2,108,'3000'),(279,2,109,'15'),(280,2,110,'1.5'),(281,2,111,'1000'),(282,2,112,'9.9852'),(283,2,113,'4.3'),(284,2,114,'${1-2\\over 31}$'),(285,2,115,'3.8'),(286,2,116,'1'),(287,2,117,'CCCC'),(288,2,118,'6'),(289,2,119,'30'),(290,2,120,'c'),(291,2,121,'15'),(292,2,122,'12'),(293,2,123,'13'),(294,2,124,'21'),(295,2,125,'RSTT'),(296,2,126,'v'),(297,2,127,'b'),(298,2,128,'18'),(299,2,129,'BXKM'),(300,2,130,'SPHS'),(301,2,131,'4'),(302,2,132,'12'),(303,2,133,'NOPQ'),(304,2,134,'GHHI'),(305,2,135,'j'),(306,2,136,'64'),(307,2,137,'22'),(308,2,138,'8'),(309,2,139,'i'),(310,2,140,'PQRS'),(311,2,141,'JABK'),(312,2,142,'k'),(313,2,143,'LLMN'),(314,2,144,'30'),(315,2,145,'y'),(316,2,146,'14'),(317,2,147,'BLMN'),(318,2,148,'i'),(319,2,149,'TSRQ'),(320,2,150,'k'),(321,2,151,'u'),(322,2,152,'j'),(323,2,153,'t'),(324,2,154,'MDWN'),(325,2,155,'g'),(326,2,156,'CWKR'),(327,2,157,'3'),(328,2,158,'g'),(329,2,159,'g'),(330,2,160,'DRSE'),(331,2,161,'GHIJ'),(332,2,162,'u'),(333,2,163,'49'),(334,2,164,'RSTQ'),(335,2,165,'t'),(336,2,166,'a'),(337,2,167,'LKSR'),(338,2,168,'48'),(339,2,169,'10'),(340,2,170,'OVXE'),(341,7,1,'System'),(342,7,2,'Copy'),(343,7,3,'Remaining'),(344,7,4,'Consolidate'),(345,7,5,'Totality'),(346,7,6,'Integrate'),(347,7,7,'Direction'),(348,7,8,'Judge'),(349,7,9,'Dispersion'),(350,7,10,'Assessable'),(351,7,11,'Environ'),(352,7,12,'Instant'),(353,7,13,'Correlation'),(354,7,14,'Constituent'),(355,7,15,'Exempted'),(356,7,16,'Illustration'),(357,7,17,'Create'),(358,7,18,'Complex'),(359,7,19,'Civil'),(360,7,20,'Conformity'),(361,7,21,'Relative'),(362,7,22,'Variable'),(363,7,23,'Proven'),(364,7,24,'Prevent'),(365,7,25,'Promulgate'),(366,7,26,'Abandon'),(367,7,27,'Excessive'),(368,7,28,'Agitation'),(369,7,29,'Irresolute'),(370,7,30,'Variation'),(371,7,31,'Maturation'),(372,7,32,'Influential'),(373,7,33,'Listen'),(374,7,34,'Credit'),(375,7,35,'Obtuseness'),(376,7,36,'Allot'),(377,7,37,'Obsolete'),(378,7,38,'Bilateral'),(379,7,39,'increases only if r is greater than t'),(380,7,40,'${{XS_1\\over 100}+{2XS_2\\over 100}+{3XS_3\\over 100}}$'),(381,7,41,'${{xy\\over 100}{(A + B  - Kd)}}$'),(382,7,42,'${tXY}$'),(383,7,43,'${T + Z + WR}$'),(384,7,44,'${A\\over B}$'),(385,7,45,'increase if A is greater than B'),(386,7,46,'${SR\\over t}$'),(387,7,47,'${.02}$'),(388,7,48,'${{X\\over 12.5}+{YT\\over 1250}+{Z}}$'),(389,7,49,'is 4 times the area of the original one'),(390,7,50,'${R-100DR-5}$'),(391,7,51,'is 4 times as large'),(392,7,52,'${S\\over 4L + 60}$'),(393,7,53,'increase by ${S\\over 2}$'),(394,7,54,'${11\\%}$'),(395,7,55,'${100S\\over D}$'),(396,7,56,'reduced by one-half value of l'),(397,7,57,'10 to 1'),(398,7,58,'${{M\\over m } hours}$'),(399,7,59,'${4.444}$'),(400,7,60,'8'),(401,7,61,'64'),(402,7,62,'19'),(403,20,1,'Pattern'),(404,20,2,'Aspect'),(405,20,3,'Remaining'),(406,20,4,'Consolidate'),(407,20,5,'Totality'),(408,20,6,'Integrate'),(409,20,7,'Predisposition'),(410,20,8,'Determine'),(411,20,9,'Absurdity'),(412,20,10,'Unrelenting'),(413,20,11,'Presupposition'),(414,20,12,'Chance'),(415,20,13,'Alliance'),(416,20,14,'Attributable'),(417,20,15,'Independent'),(418,20,16,'Similarity'),(419,20,17,'Deter'),(420,20,18,'Approving'),(421,20,19,'Pious'),(422,20,20,'Owned'),(423,20,21,'Congruent'),(424,20,22,'Variable'),(425,20,23,'Self-evident'),(426,20,24,'Prevent'),(427,20,25,'Dispel'),(428,20,26,'Efface'),(429,20,27,'Objective'),(430,20,28,'Inactivity'),(431,20,29,'Practical'),(432,20,30,'Parallel'),(433,20,31,'Propagation'),(434,20,32,'Influential'),(435,20,33,'Increaase'),(436,20,34,'Credit'),(437,20,35,'Audacity'),(438,20,36,'Amass'),(439,20,37,'Recoverable'),(440,20,38,'Bilateral'),(441,7,63,'j'),(442,7,64,'u'),(443,7,65,'s'),(444,7,66,'n'),(445,7,67,'g'),(446,7,68,'n'),(447,7,69,'n'),(448,7,70,'p'),(449,7,71,'m'),(450,7,72,'d'),(451,7,73,'g'),(452,7,74,'v'),(453,7,75,'a'),(454,7,76,'g'),(455,7,77,'p'),(456,7,78,'r'),(457,7,79,'z'),(458,7,80,'n'),(459,7,81,'q'),(460,7,82,'k'),(461,7,83,'v'),(462,7,84,'g'),(463,7,85,'k'),(464,7,86,'x'),(465,7,87,'l'),(466,7,88,'w'),(467,1,1,'Sanctuary'),(468,1,2,'Facient'),(469,1,3,'Livable'),(470,1,4,'Syndicate'),(471,1,5,'Partial'),(472,1,6,'Obstruct'),(473,1,7,'Duality'),(474,1,8,'Analyze'),(475,1,9,'Concession'),(476,1,10,'Unrelenting'),(477,1,11,'Apprehension'),(478,1,12,'Chance'),(479,1,13,'Alliance'),(480,1,14,'Bequeathed'),(481,1,15,'Instinctive'),(482,1,16,'Illustration'),(483,1,17,'Impel'),(484,1,18,'Complex'),(485,1,19,'Civil'),(486,1,20,'Conformity'),(487,1,21,'Relative'),(488,1,22,'Variable'),(489,1,23,'Theoretical'),(490,1,24,'Interrupt'),(491,1,25,'Disguise'),(492,1,26,'Abandon'),(493,1,27,'Essential'),(494,1,28,'Inactivity'),(495,1,29,'Practical'),(496,1,30,'Parallel'),(497,1,31,'Propagation'),(498,1,32,'Abnormal'),(499,1,33,'Decay'),(500,1,34,'Certificate'),(501,1,35,'Solicitude'),(502,1,36,'Amass'),(503,1,37,'Strategic'),(504,1,38,'Unique'),(505,9,1,'Tendency'),(506,9,2,'Quantity'),(507,9,3,'Remaining'),(508,9,4,'Attenuate'),(509,9,5,'Totality'),(510,9,6,'Integrate'),(511,9,7,'Direction'),(512,9,8,'Judge'),(513,9,9,'Dispersion'),(514,9,10,'Assessable'),(515,9,11,'Environ'),(516,9,12,'Instant'),(517,9,13,'Correlation'),(518,9,14,'Constituent'),(519,9,15,'Exempted'),(520,9,16,'Illustration'),(521,9,17,'Create'),(522,9,18,'Complex'),(523,9,19,'Civil'),(524,9,20,'Conformity'),(525,9,21,'Relative'),(526,9,22,'Variable'),(527,9,23,'Proven'),(528,9,24,'Prevent'),(529,9,25,'Promulgate'),(530,9,26,'Abandon'),(531,9,27,'Excessive'),(532,9,28,'Agitation'),(533,9,29,'Irresolute'),(534,9,30,'Variation'),(535,9,31,'Maturation'),(536,9,32,'Influential'),(537,9,33,'Listen'),(538,9,34,'Credit'),(539,9,35,'Obtuseness'),(540,9,36,'Allot'),(541,9,37,'Obsolete'),(542,9,38,'Bilateral'),(543,1,39,'decreases regardless of the size of r and t'),(544,1,40,'${{XS_1\\over 100}+{2XS_2\\over 100}+{3XS_3\\over 100}}$'),(545,1,41,'${{xA\\over 100}+{yB\\over100}{(B - Kd)}}$'),(546,1,42,'${tXY}$'),(547,1,43,'${T + Z + WR}$'),(548,1,44,'${A\\over B}$'),(549,1,45,'increase if A is greater than B'),(550,1,46,'${{S\\over t}-{R\\over t}}$'),(551,1,47,'${.02}$'),(552,1,48,'${{X\\over 12.5}+{YT\\over 1250}+{Z}}$'),(553,1,49,'is 4 times the area of the original one'),(554,1,50,'${R-100DR-5}$'),(555,1,51,'is 4 times as large'),(556,1,52,'${S\\over 4L + 60}$'),(557,1,53,'increase by ${S\\over 2}$'),(558,1,54,'${11\\%}$'),(559,1,55,'${100S\\over D}$'),(560,1,56,'reduced by one-half value of l'),(561,1,57,'10 to 1'),(562,1,58,'${{M\\over m } hours}$'),(563,1,59,'${16}$'),(564,1,60,'8'),(565,1,61,'96'),(566,1,62,'19'),(567,9,39,'decreases only if r is greater than t'),(568,9,40,'${XS\\over 100}$'),(569,9,41,'${{xy\\over 100}{(A + B  - Kd)}}$'),(570,9,42,'${tXY}$'),(571,9,43,'${T + Z + WR}$'),(572,9,44,'${A\\over B}$'),(573,9,45,'increase if A is greater than B'),(574,9,46,'${SR\\over t}$'),(575,9,47,'${.02}$'),(576,9,48,'${{X\\over 12.5}+{YT\\over 1250}+{Z}}$'),(577,9,49,'is 4 times the area of the original one'),(578,9,50,'${R-100DR-5}$'),(579,9,51,'is 4 times as large'),(580,9,52,'${S\\over 4L + 60}$'),(581,9,53,'increase by ${S\\over 2}$'),(582,9,54,'${11\\%}$'),(583,9,55,'${100S\\over D}$'),(584,9,56,'reduced by one-half value of l'),(585,9,57,'10 to 1'),(586,9,58,'${{M\\over m } hours}$'),(587,9,59,'${4.444}$'),(588,9,60,'8'),(589,9,61,'64'),(590,9,62,'19'),(591,9,63,'k'),(592,9,64,'u'),(593,9,65,'s'),(594,9,66,'n'),(595,9,67,'g'),(596,9,68,'n'),(597,9,69,'n'),(598,9,70,'p'),(599,9,71,'m'),(600,9,72,'d'),(601,9,73,'g'),(602,9,74,'v'),(603,9,75,'a'),(604,9,76,'g'),(605,9,77,'p'),(606,9,78,'r'),(607,9,79,'z'),(608,9,80,'n'),(609,9,81,'q'),(610,9,82,'k'),(611,9,83,'v'),(612,9,84,'g'),(613,9,85,'k'),(614,9,86,'x'),(615,9,87,'l'),(616,9,88,'w'),(617,11,1,'Pattern'),(618,11,2,'Aspect'),(619,11,3,'Remaining'),(620,11,4,'Consolidate'),(621,11,5,'Totality'),(622,11,6,'Integrate'),(623,11,7,'Direction'),(624,11,8,'Judge'),(625,11,9,'Dispersion'),(626,11,10,'Assessable'),(627,11,11,'Environ'),(628,11,12,'Instant'),(629,11,13,'Correlation'),(630,11,14,'Constituent'),(631,11,15,'Exempted'),(632,11,16,'Illustration'),(633,11,17,'Create'),(634,11,18,'Complex'),(635,11,19,'Civil'),(636,11,20,'Conformity'),(637,11,21,'Relative'),(638,11,22,'Variable'),(639,11,23,'Proven'),(640,11,24,'Prevent'),(641,11,25,'Promulgate'),(642,11,26,'Abandon'),(643,11,27,'Excessive'),(644,11,28,'Agitation'),(645,11,29,'Irresolute'),(646,11,30,'Variation'),(647,11,31,'Maturation'),(648,11,32,'Influential'),(649,11,33,'Listen'),(650,11,34,'Credit'),(651,11,35,'Obtuseness'),(652,11,36,'Allot'),(653,11,37,'Obsolete'),(654,11,38,'Bilateral'),(655,9,89,'10,098'),(656,9,90,'880'),(657,9,91,'33,000'),(658,9,92,'15'),(659,9,93,'0.048'),(660,9,94,'50'),(661,9,95,'14.0'),(662,9,96,'45.5'),(663,9,97,'2.4'),(664,9,98,'14.4'),(665,9,99,'500'),(666,9,100,'${4-1\\over 8}$'),(667,9,101,'20,000'),(668,9,102,'2.9046'),(669,9,103,'50,300'),(670,9,104,'112'),(671,9,105,'5.5'),(672,9,106,'210'),(673,9,107,'0.16'),(674,9,108,'3000'),(675,9,109,'15'),(676,9,110,'1.5'),(677,9,111,'1000'),(678,9,112,'9.9852'),(679,9,113,'4.3'),(680,9,114,'${1-2\\over 31}$'),(681,9,115,'3.8'),(682,9,116,'1'),(683,9,117,'CCCC'),(684,9,118,'6'),(685,9,119,'30'),(686,9,120,'c'),(687,9,121,'15'),(688,9,122,'12'),(689,9,123,'13'),(690,9,124,'21'),(691,9,125,'RSTT'),(692,9,126,'v'),(693,9,127,'b'),(694,9,128,'18'),(695,9,129,'BXKM'),(696,9,130,'SPHS'),(697,9,131,'4'),(698,9,132,'12'),(699,9,133,'NOPQ'),(700,9,134,'GHHI'),(701,9,135,'j'),(702,9,136,'64'),(703,9,137,'22'),(704,9,138,'8'),(705,9,139,'i'),(706,9,140,'PQRS'),(707,9,141,'JABK'),(708,9,142,'k'),(709,9,143,'LLMN'),(710,9,144,'30'),(711,9,145,'y'),(712,9,146,'14'),(713,9,147,'BLMN'),(714,9,148,'i'),(715,9,149,'TSRQ'),(716,9,150,'k'),(717,9,151,'u'),(718,9,152,'j'),(719,9,153,'t'),(720,9,154,'MDWN'),(721,9,155,'g'),(722,9,156,'CWKR'),(723,9,157,'3'),(724,9,158,'g'),(725,9,159,'g'),(726,9,160,'DRSE'),(727,9,161,'GHIJ'),(728,9,162,'u'),(729,9,163,'49'),(730,9,164,'RSTQ'),(731,9,165,'t'),(732,9,166,'a'),(733,9,167,'LKSR'),(734,9,168,'48'),(735,9,169,'10'),(736,9,170,'ABDI'),(737,11,39,'increases only if r is greater than t'),(738,11,40,'${{XS_1\\over 100}+{2XS_2\\over 100}+{3XS_3\\over 100}}$'),(739,11,41,'${{xy\\over 100}{(A + B  - Kd)}}$'),(740,11,42,'${tXY}$'),(741,11,43,'${T + Z + WR}$'),(742,11,44,'${A\\over B}$'),(743,11,45,'increase if A is greater than B'),(744,11,46,'${SR\\over t}$'),(745,11,47,'${.02}$'),(746,11,48,'${{X\\over 12.5}+{YT\\over 1250}+{Z}}$'),(747,11,49,'is 4 times the area of the original one'),(748,11,50,'${R-100DR-5}$'),(749,11,51,'is 4 times as large'),(750,11,52,'${S\\over 4L + 60}$'),(751,11,53,'increase by ${S\\over 2}$'),(752,11,54,'${11\\%}$'),(753,11,55,'${100S\\over D}$'),(754,11,56,'reduced by one-half value of l'),(755,11,57,'10 to 1'),(756,11,58,'${{M\\over m } hours}$'),(757,11,59,'${4.444}$'),(758,11,60,'8'),(759,11,61,'64'),(760,11,62,'19'),(761,7,89,'10,098'),(762,7,90,'880'),(763,7,91,'33,000'),(764,7,92,'15'),(765,7,93,'0.048'),(766,7,94,'50'),(767,7,95,'14.0'),(768,7,96,'45.5'),(769,7,97,'2.4'),(770,7,98,'14.4'),(771,7,99,'500'),(772,7,100,'${4-1\\over 8}$'),(773,7,101,'20,000'),(774,7,102,'2.9046'),(775,7,103,'50,300'),(776,7,104,'112'),(777,7,105,'5.5'),(778,7,106,'210'),(779,7,107,'0.16'),(780,7,108,'3000'),(781,7,109,'15'),(782,7,110,'1.5'),(783,7,111,'1000'),(784,7,112,'9.9852'),(785,7,113,'4.3'),(786,7,114,'${1-2\\over 31}$'),(787,7,115,'3.8'),(788,7,116,'${1-1\\over 4}$'),(789,11,63,'j'),(790,11,64,'u'),(791,11,65,'s'),(792,11,66,'n'),(793,11,67,'g'),(794,11,68,'n'),(795,11,69,'n'),(796,11,70,'p'),(797,11,71,'m'),(798,11,72,'d'),(799,11,73,'g'),(800,11,74,'v'),(801,11,75,'a'),(802,11,76,'g'),(803,11,77,'p'),(804,11,78,'r'),(805,11,79,'z'),(806,11,80,'n'),(807,11,81,'q'),(808,11,82,'k'),(809,11,83,'v'),(810,11,84,'g'),(811,11,85,'k'),(812,11,86,'x'),(813,11,87,'l'),(814,11,88,'w'),(815,11,89,'10,098'),(816,11,90,'880'),(817,11,91,'33,000'),(818,11,92,'15'),(819,11,93,'0.048'),(820,11,94,'50'),(821,11,95,'14.0'),(822,11,96,'45.5'),(823,11,97,'2.4'),(824,11,98,'14.4'),(825,11,99,'500'),(826,11,100,'${4-1\\over 8}$'),(827,11,101,'20,000'),(828,11,102,'2.9046'),(829,11,103,'50,300'),(830,11,104,'112'),(831,11,105,'5.5'),(832,11,106,'210'),(833,11,107,'0.16'),(834,11,108,'3000'),(835,11,109,'15'),(836,11,110,'1.5'),(837,11,111,'1000'),(838,11,112,'0.99852'),(839,11,113,'4.3'),(840,11,114,'${1-2\\over 31}$'),(841,11,115,'3.8'),(842,11,116,'1'),(843,7,117,'CCCC'),(844,7,118,'6'),(845,7,119,'28'),(846,7,120,'f'),(847,7,121,'12'),(848,7,122,'14'),(849,7,123,'16'),(850,7,124,'20'),(851,7,125,'RSTT'),(852,7,126,'g'),(853,7,127,'c'),(854,7,128,'20'),(855,7,129,'UEIA'),(856,7,130,'TBMT'),(857,7,131,'3'),(858,7,132,'10'),(859,7,133,'TUYW'),(860,7,134,'LMNN'),(861,7,135,'i'),(862,7,136,'36'),(863,7,137,'21'),(864,7,138,'14'),(865,7,139,'j'),(866,7,140,'MNMN'),(867,7,141,'MABN'),(868,7,142,'n'),(869,7,143,'CCDE'),(870,7,144,'22'),(871,7,145,'x'),(872,7,146,'13'),(873,7,147,'SBCD'),(874,7,148,'l'),(875,7,149,'NMLK'),(876,7,150,'k'),(877,7,151,'u'),(878,7,152,'j'),(879,7,153,'t'),(880,7,154,'MDWN'),(881,7,155,'g'),(882,7,156,'CWKR'),(883,7,157,'3'),(884,7,158,'g'),(885,7,159,'g'),(886,7,160,'DRSE'),(887,7,161,'GHIJ'),(888,7,162,'u'),(889,7,163,'49'),(890,7,164,'RSTQ'),(891,7,165,'t'),(892,7,166,'a'),(893,7,167,'LKSR'),(894,7,168,'48'),(895,7,169,'10'),(896,7,170,'OVXE'),(897,11,117,'KLMN'),(898,11,118,'7'),(899,11,119,'30'),(900,11,120,'c'),(901,11,121,'15'),(902,11,122,'12'),(903,11,123,'13'),(904,11,124,'21'),(905,11,125,'RSTT'),(906,11,126,'v'),(907,11,127,'b'),(908,11,128,'18'),(909,11,129,'BXKM'),(910,11,130,'SPHS'),(911,11,131,'4'),(912,11,132,'12'),(913,11,133,'NOPQ'),(914,11,134,'GHHI'),(915,11,135,'j'),(916,11,136,'64'),(917,11,137,'22'),(918,11,138,'8'),(919,11,139,'i'),(920,11,140,'PQRS'),(921,11,141,'JABK'),(922,11,142,'k'),(923,11,143,'LLMN'),(924,11,144,'30'),(925,11,145,'y'),(926,11,146,'14'),(927,11,147,'BLMN'),(928,11,148,'i'),(929,11,149,'TSRQ'),(930,11,150,'k'),(931,11,151,'u'),(932,11,152,'j'),(933,11,153,'t'),(934,11,154,'MDWN'),(935,11,155,'g'),(936,11,156,'CWKR'),(937,11,157,'3'),(938,11,158,'g'),(939,11,159,'g'),(940,11,160,'DRSE'),(941,11,161,'GHIJ'),(942,11,162,'v'),(943,11,163,'51'),(944,11,164,'RSTQ'),(945,11,165,'t'),(946,11,166,'a'),(947,11,167,'LKSR'),(948,11,168,'48'),(949,11,169,'10'),(950,11,170,'OVXE'),(951,20,39,'increases only if r is greater than t'),(952,20,40,'${100XS}$'),(953,20,41,'${{x\\over100}{(A - Kd)}+{y\\over100}{B-Kd}}$'),(954,20,42,'${tX\\over Y}$'),(955,20,43,'${TR + WR + Z}$'),(956,20,44,'${A\\over B}$'),(957,20,45,'be either larger or smaller depending on the value C'),(958,20,46,'${St - Rt}$'),(959,20,47,'${.20}$'),(960,20,48,'${{1250X}+{1250Y\\over T}+{Z}}$'),(961,20,49,'is ${1\\over 2}$ the area of the original one'),(962,20,50,'${R-{(DR)\\over 100}-5}$'),(963,20,51,'is 8 times as large'),(964,20,52,'${S\\over 4L + 60}$'),(965,20,53,'increase by ${S\\over 2}$'),(966,20,54,'${9\\%}$'),(967,20,55,'${100SD}$'),(968,20,56,'change in some other way than those listed'),(969,20,57,'1 to 100'),(970,20,58,'${{mh\\over M } hours}$'),(971,20,59,'${4.444}$'),(972,20,60,'8'),(973,20,61,'80'),(974,20,62,'23'),(975,20,63,'j'),(976,20,64,'i'),(977,20,65,'u'),(978,20,66,'p'),(979,20,67,'h'),(980,20,68,'m'),(981,20,69,'l'),(982,20,70,'l'),(983,20,71,'m'),(984,20,72,'h'),(985,20,73,'i'),(986,20,74,'w'),(987,20,75,'a'),(988,20,76,'n'),(989,20,77,'b'),(990,20,78,'j'),(991,20,79,'y'),(992,20,80,'o'),(993,20,81,'u'),(994,20,82,'d'),(995,20,83,'v'),(996,20,84,'d'),(997,20,85,'n'),(998,20,86,'s'),(999,20,87,'l'),(1000,20,88,'w'),(1001,3,1,'System'),(1002,3,2,'Copy'),(1003,3,3,'Originate'),(1004,3,4,'Attenuate'),(1005,3,5,'Permutation'),(1006,3,6,'Obstruct'),(1007,3,7,'Predisposition'),(1008,3,8,'Analyze'),(1009,3,9,'Concession'),(1010,3,10,'Unrelenting'),(1011,3,11,'Presupposition'),(1012,3,12,'Instant'),(1013,3,13,'Correlation'),(1014,3,14,'Constituent'),(1015,3,15,'Exempted'),(1016,3,16,'Illustration'),(1017,3,17,'Create'),(1018,3,18,'Complex'),(1019,3,19,'Civil'),(1020,3,20,'Conformity'),(1021,3,21,'Relative'),(1022,3,22,'Variable'),(1023,3,23,'Proven'),(1024,3,24,'Prevent'),(1025,3,25,'Promulgate'),(1026,3,26,'Abandon'),(1027,3,27,'Excessive'),(1028,3,28,'Agitation'),(1029,3,29,'Irresolute'),(1030,3,30,'Variation'),(1031,3,31,'Maturation'),(1032,3,32,'Influential'),(1033,3,33,'Listen'),(1034,3,34,'Credit'),(1035,3,35,'Obtuseness'),(1036,3,36,'Allot'),(1037,3,37,'Obsolete'),(1038,3,38,'Bilateral'),(1039,3,39,'increases only if r is greater than t'),(1040,3,40,'${{XS_1\\over 100}+{2XS_2\\over 100}+{3XS_3\\over 100}}$'),(1041,3,41,'${{xy\\over 100}{(A + B  - Kd)}}$'),(1042,3,42,'${tXY}$'),(1043,3,43,'${T + Z + WR}$'),(1044,3,44,'${A\\over B}$'),(1045,3,45,'increase if A is greater than B'),(1046,3,46,'${SR\\over t}$'),(1047,3,47,'${.02}$'),(1048,3,48,'${{X\\over 12.5}+{YT\\over 1250}+{Z}}$'),(1049,3,49,'is 4 times the area of the original one'),(1050,3,50,'${R-100DR-5}$'),(1051,3,51,'is 4 times as large'),(1052,3,52,'${S\\over 4L + 60}$'),(1053,3,53,'increase by ${S\\over 2}$'),(1054,3,54,'${11\\%}$'),(1055,3,55,'${100S\\over D}$'),(1056,3,56,'reduced by one-half value of l'),(1057,3,57,'10 to 1'),(1058,3,58,'${{M\\over m } hours}$'),(1059,3,59,'${4.444}$'),(1060,3,60,'8'),(1061,3,61,'64'),(1062,3,62,'19'),(1063,3,63,'k'),(1064,3,64,'u'),(1065,3,65,'s'),(1066,3,66,'n'),(1067,3,67,'g'),(1068,3,68,'n'),(1069,3,69,'n'),(1070,3,70,'p'),(1071,3,71,'m'),(1072,3,72,'d'),(1073,3,73,'g'),(1074,3,74,'v'),(1075,3,75,'a'),(1076,3,76,'g'),(1077,3,77,'p'),(1078,3,78,'r'),(1079,3,79,'z'),(1080,3,80,'n'),(1081,3,81,'q'),(1082,3,82,'k'),(1083,3,83,'v'),(1084,3,84,'g'),(1085,3,85,'k'),(1086,3,86,'x'),(1087,3,87,'l'),(1088,3,88,'w'),(1089,3,89,'10,198'),(1090,3,90,'880'),(1091,3,91,'33,000'),(1092,3,92,'15'),(1093,3,93,'0.048'),(1094,3,94,'50'),(1095,3,95,'14.0'),(1096,3,96,'45.5'),(1097,3,97,'2.4'),(1098,3,98,'14.4'),(1099,3,99,'500'),(1100,3,100,'${4-1\\over 8}$'),(1101,3,101,'20,000'),(1102,3,102,'2.9046'),(1103,3,103,'50,300'),(1104,3,104,'112'),(1105,3,105,'5.5'),(1106,3,106,'210'),(1107,3,107,'0.16'),(1108,3,108,'3000'),(1109,3,109,'15'),(1110,3,110,'1.5'),(1111,3,111,'1000'),(1112,3,112,'9.9852'),(1113,3,113,'4.3'),(1114,3,114,'${1-2\\over 31}$'),(1115,3,115,'3.8'),(1116,3,116,'1'),(1117,20,89,'10,198'),(1118,20,90,'645'),(1119,20,91,'33,000'),(1120,20,92,'150'),(1121,20,93,'48'),(1122,20,94,'50'),(1123,20,95,'14.0'),(1124,20,96,'63.6'),(1125,20,97,'24'),(1126,20,98,'1.44'),(1127,20,99,'500'),(1128,20,100,'${1\\over 2}$'),(1129,20,101,'2000'),(1130,20,102,'2.9046'),(1131,20,103,'50,300'),(1132,20,104,'112'),(1133,20,105,'0.055'),(1134,20,106,'210'),(1135,20,107,'0.16'),(1136,20,108,'3000'),(1137,20,109,'15'),(1138,20,110,'1500'),(1139,20,111,'1000'),(1140,20,112,'9.9852'),(1141,20,113,'4.3'),(1142,20,114,'${1-2\\over 31}$'),(1143,20,115,'0.055'),(1144,20,116,'1'),(1145,3,117,'CCCC'),(1146,3,118,'6'),(1147,3,119,'30'),(1148,3,120,'c'),(1149,3,121,'15'),(1150,3,122,'12'),(1151,3,123,'13'),(1152,3,124,'21'),(1153,3,125,'RSTT'),(1154,3,126,'v'),(1155,3,127,'b'),(1156,3,128,'18'),(1157,3,129,'BXKM'),(1158,3,130,'SPHS'),(1159,3,131,'4'),(1160,3,132,'12'),(1161,3,133,'NOPQ'),(1162,3,134,'GHHI'),(1163,3,135,'j'),(1164,3,136,'64'),(1165,3,137,'22'),(1166,3,138,'8'),(1167,3,139,'i'),(1168,3,140,'PQRS'),(1169,3,141,'JABK'),(1170,3,142,'k'),(1171,3,143,'LLMN'),(1172,3,144,'30'),(1173,3,145,'y'),(1174,3,146,'14'),(1175,3,147,'BLMN'),(1176,3,148,'i'),(1177,3,149,'TSRQ'),(1178,3,150,'k'),(1179,3,151,'u'),(1180,3,152,'j'),(1181,3,153,'t'),(1182,3,154,'MDWN'),(1183,3,155,'g'),(1184,3,156,'CWKR'),(1185,3,157,'3'),(1186,3,158,'g'),(1187,3,159,'g'),(1188,3,160,'DRSE'),(1189,3,161,'GHIJ'),(1190,3,162,'u'),(1191,3,163,'49'),(1192,3,164,'RSTQ'),(1193,3,165,'t'),(1194,3,166,'a'),(1195,3,167,'LKSR'),(1196,3,168,'48'),(1197,3,169,'10'),(1198,3,170,'OVXE'),(1199,20,117,'KLMN'),(1200,20,118,'7'),(1201,20,119,'30'),(1202,20,120,'e'),(1203,20,121,'10'),(1204,20,122,'14'),(1205,20,123,'15'),(1206,20,124,'21'),(1207,20,125,'KLMM'),(1208,20,126,'g'),(1209,20,127,'a'),(1210,20,128,'19'),(1211,20,129,'BXKM'),(1212,20,130,'TBMT'),(1213,20,131,'4'),(1214,20,132,'8'),(1215,20,133,'NOPQ'),(1216,20,134,'GHHI'),(1217,20,135,'i'),(1218,20,136,'64'),(1219,20,137,'20'),(1220,20,138,'16'),(1221,20,139,'j'),(1222,20,140,'PQRS'),(1223,20,141,'APQB'),(1224,20,142,'l'),(1225,20,143,'QRSS'),(1226,20,144,'30'),(1227,20,145,'z'),(1228,20,146,'16'),(1229,20,147,'BLMN'),(1230,20,148,'m'),(1231,20,149,'UVWX'),(1232,20,150,'t'),(1233,20,151,'c'),(1234,20,152,'x'),(1235,20,153,'s'),(1236,20,154,'MDWN'),(1237,20,155,'g'),(1238,20,156,'HVBP'),(1239,20,157,'3'),(1240,20,158,'h'),(1241,20,159,'d'),(1242,20,160,'MCND'),(1243,20,161,'TYWK'),(1244,20,162,'u'),(1245,20,163,'49'),(1246,20,164,'KLMH'),(1247,20,165,'w'),(1248,20,166,'a'),(1249,20,167,'GNFM'),(1250,20,168,'48'),(1251,20,169,'10'),(1252,20,170,'OVXE'),(1253,8,1,'System'),(1254,8,2,'Copy'),(1255,8,3,'Remaining'),(1256,8,4,'Consolidate'),(1257,8,5,'Totality'),(1258,8,6,'Integrate'),(1259,8,7,'Direction'),(1260,8,8,'Judge'),(1261,8,9,'Dispersion'),(1262,8,10,'Assessable'),(1263,8,11,'Environ'),(1264,8,12,'Instant'),(1265,8,13,'Correlation'),(1266,8,14,'Constituent'),(1267,8,15,'Exempted'),(1268,8,16,'Illustration'),(1269,8,17,'Create'),(1270,8,18,'Complex'),(1271,8,19,'Civil'),(1272,8,20,'Managerial'),(1273,8,21,'Relative'),(1274,8,22,'Variable'),(1275,8,23,'Proven'),(1276,8,24,'Prevent'),(1277,8,25,'Promulgate'),(1278,8,26,'Abandon'),(1279,8,27,'Excessive'),(1280,8,28,'Agitation'),(1281,8,29,'Irresolute'),(1282,8,30,'Variation'),(1283,8,31,'Maturation'),(1284,8,32,'Influential'),(1285,8,33,'Listen'),(1286,8,34,'Credit'),(1287,8,35,'Obtuseness'),(1288,8,36,'Allot'),(1289,8,37,'Obsolete'),(1290,8,38,'Bilateral'),(1291,4,1,'Storm'),(1292,4,2,'Copy'),(1293,4,3,'Remaining'),(1294,4,4,'Consolidate'),(1295,4,5,'Totality'),(1296,4,6,'Integrate'),(1297,4,7,'Direction'),(1298,4,8,'Judge'),(1299,4,9,'Dispersion'),(1300,4,10,'Assessable'),(1301,4,11,'Environ'),(1302,4,12,'Instant'),(1303,4,13,'Correlation'),(1304,4,14,'Constituent'),(1305,4,15,'Exempted'),(1306,4,16,'Illustration'),(1307,4,17,'Create'),(1308,4,18,'Complex'),(1309,4,19,'Civil'),(1310,4,20,'Conformity'),(1311,4,21,'Relative'),(1312,4,22,'Variable'),(1313,4,23,'Proven'),(1314,4,24,'Prevent'),(1315,4,25,'Promulgate'),(1316,4,26,'Abandon'),(1317,4,27,'Excessive'),(1318,4,28,'Agitation'),(1319,4,29,'Irresolute'),(1320,4,30,'Variation'),(1321,4,31,'Maturation'),(1322,4,32,'Influential'),(1323,4,33,'Listen'),(1324,4,34,'Credit'),(1325,4,35,'Obtuseness'),(1326,4,36,'Allot'),(1327,4,37,'Obsolete'),(1328,4,38,'Bilateral'),(1329,4,39,'increases only if r is greater than t'),(1330,4,40,'${{XS_1\\over 100}+{2XS_2\\over 100}+{3XS_3\\over 100}}$'),(1331,4,41,'${{xy\\over 100}{(A + B  - Kd)}}$'),(1332,4,42,'${tXY}$'),(1333,4,43,'${T + Z + WR}$'),(1334,4,44,'${A\\over B}$'),(1335,4,45,'increase if A is greater than B'),(1336,4,46,'${SR\\over t}$'),(1337,4,47,'${.02}$'),(1338,4,48,'${{X\\over 12.5}+{YT\\over 1250}+{Z}}$'),(1339,4,49,'is 4 times the area of the original one'),(1340,4,50,'${R-100DR-5}$'),(1341,4,51,'is 4 times as large'),(1342,4,52,'${S\\over 4L + 60}$'),(1343,4,53,'increase by ${S\\over 2}$'),(1344,4,54,'${11\\%}$'),(1345,4,55,'${100S\\over D}$'),(1346,4,56,'change in some other way than those listed'),(1347,4,57,' 1 to 10'),(1348,4,58,'${{Mm\\over h } hours}$'),(1349,4,59,'${4.444}$'),(1350,4,60,'8'),(1351,4,61,'64'),(1352,4,62,'19'),(1353,4,63,'j'),(1354,4,64,'u'),(1355,4,65,'s'),(1356,4,66,'n'),(1357,4,67,'g'),(1358,4,68,'n'),(1359,4,69,'n'),(1360,4,70,'p'),(1361,4,71,'m'),(1362,4,72,'d'),(1363,4,73,'g'),(1364,4,74,'v'),(1365,4,75,'a'),(1366,4,76,'g'),(1367,4,77,'p'),(1368,4,78,'r'),(1369,4,79,'z'),(1370,4,80,'n'),(1371,4,81,'q'),(1372,4,82,'k'),(1373,4,83,'v'),(1374,4,84,'g'),(1375,4,85,'k'),(1376,4,86,'x'),(1377,4,87,'l'),(1378,4,88,'w'),(1379,4,89,'10,098'),(1380,4,90,'880'),(1381,4,91,'33,000'),(1382,4,92,'15'),(1383,4,93,'0.048'),(1384,4,94,'50'),(1385,4,95,'14.0'),(1386,4,96,'45.5'),(1387,4,97,'70'),(1388,4,98,'14.4'),(1389,4,99,'50'),(1390,4,100,'${4-1\\over 8}$'),(1391,4,101,'20,000'),(1392,4,102,'2.9046'),(1393,4,103,'50,300'),(1394,4,104,'112'),(1395,4,105,'5.5'),(1396,4,106,'210'),(1397,4,107,'0.16'),(1398,4,108,'3000'),(1399,4,109,'15'),(1400,4,110,'1.5'),(1401,4,111,'1000'),(1402,4,112,'9.9852'),(1403,4,113,'4.3'),(1404,4,114,'${1-2\\over 31}$'),(1405,4,115,'3.8'),(1406,4,116,'1'),(1407,4,117,'CCCC'),(1408,4,118,'6'),(1409,4,119,'30'),(1410,4,120,'c'),(1411,4,121,'15'),(1412,4,122,'12'),(1413,4,123,'13'),(1414,4,124,'21'),(1415,4,125,'RSTT'),(1416,4,126,'v'),(1417,4,127,'b'),(1418,4,128,'18'),(1419,4,129,'BXKM'),(1420,4,130,'SPHS'),(1421,4,131,'4'),(1422,4,132,'12'),(1423,4,133,'NOPQ'),(1424,4,134,'GHHI'),(1425,4,135,'j'),(1426,4,136,'64'),(1427,4,137,'22'),(1428,4,138,'8'),(1429,4,139,'i'),(1430,4,140,'PQRS'),(1431,4,141,'JABK'),(1432,4,142,'k'),(1433,4,143,'LLMN'),(1434,4,144,'30'),(1435,4,145,'y'),(1436,4,146,'14'),(1437,4,147,'BLMN'),(1438,4,148,'i'),(1439,4,149,'TSRQ'),(1440,4,150,'k'),(1441,4,151,'u'),(1442,4,152,'j'),(1443,4,153,'t'),(1444,4,154,'MDWN'),(1445,4,155,'g'),(1446,4,156,'CWKR'),(1447,4,157,'3'),(1448,4,158,'g'),(1449,4,159,'g'),(1450,4,160,'DRSE'),(1451,4,161,'GHIJ'),(1452,4,162,'u'),(1453,4,163,'49'),(1454,4,164,'RSTQ'),(1455,4,165,'t'),(1456,4,166,'a'),(1457,4,167,'LKSR'),(1458,4,168,'48'),(1459,4,169,'10'),(1460,4,170,'OVXE'),(1461,8,39,'increases only if r is greater than t'),(1462,8,40,'${{XS_1\\over 100}+{2XS_2\\over 100}+{3XS_3\\over 100}}$'),(1463,8,41,'${{xy\\over 100}{(A + B  - Kd)}}$'),(1464,8,42,'${tXY}$'),(1465,8,43,'${R(T+W) - Z}$'),(1466,8,44,'${B\\over D}$'),(1467,8,45,'increase if A is greater than B'),(1468,8,46,'${SR\\over t}$'),(1469,8,47,'${.02}$'),(1470,8,48,'${{X\\over 12.5}+{YT\\over 1250}+{Z}}$'),(1471,8,49,'is 4 times the area of the original one'),(1472,8,50,'${R-100DR-5}$'),(1473,8,51,'is 4 times as large'),(1474,8,52,'${S\\over 4L + 60}$'),(1475,8,53,'increase by ${S\\over 2}$'),(1476,8,54,'${11\\%}$'),(1477,8,55,'${100S\\over D}$'),(1478,8,56,'reduced by one-half value of l'),(1479,8,57,'10 to 1'),(1480,8,58,'${{M\\over m } hours}$'),(1481,8,59,'${4.444}$'),(1482,8,60,'8'),(1483,8,61,'64'),(1484,8,62,'19'),(1485,8,63,'j'),(1486,8,64,'u'),(1487,8,65,'s'),(1488,8,66,'n'),(1489,8,67,'g'),(1490,8,68,'n'),(1491,8,69,'n'),(1492,8,70,'p'),(1493,8,71,'m'),(1494,8,72,'d'),(1495,8,73,'g'),(1496,8,74,'v'),(1497,8,75,'a'),(1498,8,76,'g'),(1499,8,77,'p'),(1500,8,78,'r'),(1501,8,79,'z'),(1502,8,80,'n'),(1503,8,81,'q'),(1504,8,82,'k'),(1505,8,83,'v'),(1506,8,84,'g'),(1507,8,85,'k'),(1508,8,86,'x'),(1509,8,87,'l'),(1510,8,88,'w'),(1511,8,89,'10,098'),(1512,8,90,'880'),(1513,8,91,'33,000'),(1514,8,92,'15'),(1515,8,93,'0.048'),(1516,8,94,'50'),(1517,8,95,'14.0'),(1518,8,96,'45.5'),(1519,8,97,'2.4'),(1520,8,98,'14.4'),(1521,8,99,'500'),(1522,8,100,'${4-1\\over 8}$'),(1523,8,101,'20,000'),(1524,8,102,'2.9046'),(1525,8,103,'50,300'),(1526,8,104,'112'),(1527,8,105,'5.5'),(1528,8,106,'210'),(1529,8,107,'0.16'),(1530,8,108,'3000'),(1531,8,109,'15'),(1532,8,110,'1.5'),(1533,8,111,'1000'),(1534,8,112,'9.9852'),(1535,8,113,'4.3'),(1536,8,114,'${1-2\\over 31}$'),(1537,8,115,'3.8'),(1538,8,116,'1'),(1539,8,117,'TTTT'),(1540,8,118,'6'),(1541,8,119,'30'),(1542,8,120,'c'),(1543,8,121,'15'),(1544,8,122,'12'),(1545,8,123,'13'),(1546,8,124,'21'),(1547,8,125,'RSTT'),(1548,8,126,'v'),(1549,8,127,'b'),(1550,8,128,'18'),(1551,8,129,'BXKM'),(1552,8,130,'SPHS'),(1553,8,131,'4'),(1554,8,132,'12'),(1555,8,133,'NOPQ'),(1556,8,134,'GHHI'),(1557,8,135,'j'),(1558,8,136,'64'),(1559,8,137,'22'),(1560,8,138,'8'),(1561,8,139,'i'),(1562,8,140,'PQRS'),(1563,8,141,'JABK'),(1564,8,142,'k'),(1565,8,143,'LLMN'),(1566,8,144,'30'),(1567,8,145,'y'),(1568,8,146,'14'),(1569,8,147,'BLMN'),(1570,8,148,'i'),(1571,8,149,'TSRQ'),(1572,8,150,'k'),(1573,8,151,'u'),(1574,8,152,'j'),(1575,8,153,'t'),(1576,8,154,'MDWN'),(1577,8,155,'g'),(1578,8,156,'CWKR'),(1579,8,157,'3'),(1580,8,158,'g'),(1581,8,159,'g'),(1582,8,160,'DRSE'),(1583,8,161,'GHIJ'),(1584,8,162,'u'),(1585,8,163,'49'),(1586,8,164,'RSTQ'),(1587,8,165,'t'),(1588,8,166,'a'),(1589,8,167,'LKSR'),(1590,8,168,'48'),(1591,8,169,'10'),(1592,8,170,'OVXE'),(1593,6,1,'Storm'),(1594,6,2,'Copy'),(1595,6,3,'Remaining'),(1596,6,4,'Consolidate'),(1597,6,5,'Totality'),(1598,6,6,'Integrate'),(1599,6,7,'Direction'),(1600,6,8,'Judge'),(1601,6,9,'Dispersion'),(1602,6,10,'Assessable'),(1603,6,11,'Environ'),(1604,6,12,'Instant'),(1605,6,13,'Correlation'),(1606,6,14,'Constituent'),(1607,6,15,'Exempted'),(1608,6,16,'Illustration'),(1609,6,17,'Create'),(1610,6,18,'Complex'),(1611,6,19,'Civil'),(1612,6,20,'Conformity'),(1613,6,21,'Relative'),(1614,6,22,'Variable'),(1615,6,23,'Proven'),(1616,6,24,'Prevent'),(1617,6,25,'Promulgate'),(1618,6,26,'Abandon'),(1619,6,27,'Excessive'),(1620,6,28,'Agitation'),(1621,6,29,'Irresolute'),(1622,6,30,'Variation'),(1623,6,31,'Maturation'),(1624,6,32,'Influential'),(1625,6,33,'Listen'),(1626,6,34,'Credit'),(1627,6,35,'Obtuseness'),(1628,6,36,'Allot'),(1629,6,37,'Obsolete'),(1630,6,38,'Bilateral'),(1631,6,39,'increases only if r is greater than t'),(1632,6,40,'${{XS_1\\over 100}+{2XS_2\\over 100}+{3XS_3\\over 100}}$'),(1633,6,41,'${{xy\\over 100}{(A + B  - Kd)}}$'),(1634,6,42,'${tXY}$'),(1635,6,43,'${T + Z + WR}$'),(1636,6,44,'${A\\over B}$'),(1637,6,45,'increase if A is greater than B'),(1638,6,46,'${SR\\over t}$'),(1639,6,47,'${.02}$'),(1640,6,48,'${{X\\over 12.5}+{YT\\over 1250}+{Z}}$'),(1641,6,49,'is 4 times the area of the original one'),(1642,6,50,'${R-100DR-5}$'),(1643,6,51,'is 4 times as large'),(1644,6,52,'${S\\over 4L + 60}$'),(1645,6,53,'increase by ${S\\over 2}$'),(1646,6,54,'${11\\%}$'),(1647,6,55,'${100S\\over D}$'),(1648,6,56,'reduced by one-half value of l'),(1649,6,57,'10 to 1'),(1650,6,58,'${{M\\over m } hours}$'),(1651,6,59,'${4.444}$'),(1652,6,60,'8'),(1653,6,61,'64'),(1654,6,62,'19'),(1655,6,63,'j'),(1656,6,64,'u'),(1657,6,65,'s'),(1658,6,66,'n'),(1659,6,67,'g'),(1660,6,68,'n'),(1661,6,69,'n'),(1662,6,70,'p'),(1663,6,71,'m'),(1664,6,72,'d'),(1665,6,73,'g'),(1666,6,74,'v'),(1667,6,75,'a'),(1668,6,76,'g'),(1669,6,77,'p'),(1670,6,78,'r'),(1671,6,79,'z'),(1672,6,80,'n'),(1673,6,81,'q'),(1674,6,82,'k'),(1675,6,83,'v'),(1676,6,84,'g'),(1677,6,85,'k'),(1678,6,86,'x'),(1679,6,87,'l'),(1680,6,88,'w'),(1681,6,89,'10,098'),(1682,6,90,'880'),(1683,6,91,'33,000'),(1684,6,92,'15'),(1685,6,93,'0.048'),(1686,6,94,'50'),(1687,6,95,'14.0'),(1688,6,96,'45.5'),(1689,6,97,'2.4'),(1690,6,98,'14.4'),(1691,6,99,'500'),(1692,6,100,'${4-1\\over 8}$'),(1693,6,101,'20,000'),(1694,6,102,'2.9046'),(1695,6,103,'50,300'),(1696,6,104,'112'),(1697,6,105,'5.5'),(1698,6,106,'210'),(1699,6,107,'0.16'),(1700,6,108,'3000'),(1701,6,109,'15'),(1702,6,110,'1.5'),(1703,6,111,'1000'),(1704,6,112,'9.9852'),(1705,6,113,'4.3'),(1706,6,114,'${1-2\\over 31}$'),(1707,6,115,'3.8'),(1708,6,116,'1'),(1709,6,117,'CCCC'),(1710,6,118,'6'),(1711,6,119,'30'),(1712,6,120,'c'),(1713,6,121,'15'),(1714,6,122,'12'),(1715,6,123,'13'),(1716,6,124,'21'),(1717,6,125,'RSTT'),(1718,6,126,'v'),(1719,6,127,'b'),(1720,6,128,'18'),(1721,6,129,'BXKM'),(1722,6,130,'SPHS'),(1723,6,131,'4'),(1724,6,132,'12'),(1725,6,133,'NOPQ'),(1726,6,134,'GHHI'),(1727,6,135,'j'),(1728,6,136,'64'),(1729,6,137,'22'),(1730,6,138,'8'),(1731,6,139,'i'),(1732,6,140,'PQRS'),(1733,6,141,'JABK'),(1734,6,142,'k'),(1735,6,143,'LLMN'),(1736,6,144,'30'),(1737,6,145,'y'),(1738,6,146,'14'),(1739,6,147,'BLMN'),(1740,6,148,'i'),(1741,6,149,'TSRQ'),(1742,6,150,'k'),(1743,6,151,'u'),(1744,6,152,'j'),(1745,6,153,'t'),(1746,6,154,'MDWN'),(1747,6,155,'g'),(1748,6,156,'CWKR'),(1749,6,157,'3'),(1750,6,158,'g'),(1751,6,159,'g'),(1752,6,160,'DRSE'),(1753,6,161,'GHIJ'),(1754,6,162,'u'),(1755,6,163,'49'),(1756,6,164,'RSTQ'),(1757,6,165,'t'),(1758,6,166,'a'),(1759,6,167,'LKSR'),(1760,6,168,'48'),(1761,6,169,'10'),(1762,6,170,'OVXE');

/*Table structure for table `applicant_appliedjob` */

DROP TABLE IF EXISTS `applicant_appliedjob`;

CREATE TABLE `applicant_appliedjob` (
  `applied_id` int(11) NOT NULL AUTO_INCREMENT,
  `app_id` int(11) NOT NULL,
  `job_id` int(11) NOT NULL,
  `essay_id` int(11) NOT NULL,
  PRIMARY KEY (`applied_id`),
  KEY `app_id` (`app_id`,`job_id`),
  KEY `job_id` (`job_id`),
  KEY `essay_id` (`essay_id`),
  CONSTRAINT `applicant_appliedjob_ibfk_1` FOREIGN KEY (`app_id`) REFERENCES `applicantinfo` (`app_id`),
  CONSTRAINT `applicant_appliedjob_ibfk_2` FOREIGN KEY (`job_id`) REFERENCES `jobs` (`job_id`),
  CONSTRAINT `applicant_appliedjob_ibfk_3` FOREIGN KEY (`essay_id`) REFERENCES `applicant_essay` (`essay_id`)
) ENGINE=InnoDB AUTO_INCREMENT=8 DEFAULT CHARSET=latin1;

/*Data for the table `applicant_appliedjob` */

insert  into `applicant_appliedjob`(`applied_id`,`app_id`,`job_id`,`essay_id`) values (1,1,1,10),(2,2,1,14),(3,11,1,18),(4,3,1,22),(5,4,1,29),(6,13,1,30),(7,6,1,37);

/*Table structure for table `applicant_essay` */

DROP TABLE IF EXISTS `applicant_essay`;

CREATE TABLE `applicant_essay` (
  `essay_id` int(11) NOT NULL AUTO_INCREMENT,
  `app_id` int(11) NOT NULL,
  `question_id` int(11) NOT NULL,
  `answer` text,
  `started` datetime NOT NULL,
  `ended` datetime NOT NULL,
  PRIMARY KEY (`essay_id`),
  KEY `essay_id` (`essay_id`,`app_id`,`question_id`),
  KEY `app_id` (`app_id`),
  CONSTRAINT `applicant_essay_ibfk_1` FOREIGN KEY (`app_id`) REFERENCES `applicantinfo` (`app_id`) ON DELETE NO ACTION ON UPDATE CASCADE
) ENGINE=InnoDB AUTO_INCREMENT=38 DEFAULT CHARSET=latin1;

/*Data for the table `applicant_essay` */

insert  into `applicant_essay`(`essay_id`,`app_id`,`question_id`,`answer`,`started`,`ended`) values (1,2,261,'A. ACTIVITIES LAST OCT 23-27\r\n1. An emergency meeting was called by CBC last October 24 regarding pre-implementation issues. Attendees included Ms. Jeck Maog and Ms. Editha Young. Agenda discussed were the timeline, work-around with the dependency on hardware delivery, and DB2 support.\r\n2. A two-part Knowledge Transfer on BigFix Orientation was done last October 26 and 27.\r\n3. A site visit was done last October 26 c/o SE Joester Geroy. Changes on the Configuration Plan was raised: instead of using RAID5, CBC will use RAID10.\r\n\r\nB. DB2 SUPPORT\r\n1. This week was dedicated to resolving the DB2 post-implementation support requested by CBC. Buddy del Rosario has agreed on providing post-implementation DB2 support and CBC has also verbally agreed on purchasing the support with additional costs.\r\n2. We\'re currently working out the details of the support and drafting a proposal to send to CBC.\r\n\r\nC. HARDWARE DELIVERY ETA\r\n1. Hardware delivery ETA has reached the 30-day mark last November 2.\r\n2. MSI has given an update that the materials have been shipped last October 30 (Monday). They\'re currently waiting on the flight details so they can send a delivery ETA.','2017-11-07 10:37:18','2017-11-07 10:38:43'),(2,2,262,'A. ACTIVITIES LAST OCT 23-27\r\n1. An emergency meeting was called by CBC last October 24 regarding pre-implementation issues. Attendees included Ms. Jeck Maog and Ms. Editha Young. Agenda discussed were the timeline, work-around with the dependency on hardware delivery, and DB2 support.\r\n2. A two-part Knowledge Transfer on BigFix Orientation was done last October 26 and 27.\r\n3. A site visit was done last October 26 c/o SE Joester Geroy. Changes on the Configuration Plan was raised: instead of using RAID5, CBC will use RAID10.\r\n\r\nB. DB2 SUPPORT\r\n1. This week was dedicated to resolving the DB2 post-implementation support requested by CBC. Buddy del Rosario has agreed on providing post-implementation DB2 support and CBC has also verbally agreed on purchasing the support with additional costs.\r\n2. We\'re currently working out the details of the support and drafting a proposal to send to CBC.\r\n\r\nC. HARDWARE DELIVERY ETA\r\n1. Hardware delivery ETA has reached the 30-day mark last November 2.\r\n2. MSI has given an update that the materials have been shipped last October 30 (Monday). They\'re currently waiting on the flight details so they can send a delivery ETA.','2017-11-07 10:37:18','2017-11-07 10:38:43'),(3,2,263,'A. ACTIVITIES LAST OCT 23-27\r\n1. An emergency meeting was called by CBC last October 24 regarding pre-implementation issues. Attendees included Ms. Jeck Maog and Ms. Editha Young. Agenda discussed were the timeline, work-around with the dependency on hardware delivery, and DB2 support.\r\n2. A two-part Knowledge Transfer on BigFix Orientation was done last October 26 and 27.\r\n3. A site visit was done last October 26 c/o SE Joester Geroy. Changes on the Configuration Plan was raised: instead of using RAID5, CBC will use RAID10.\r\n\r\nB. DB2 SUPPORT\r\n1. This week was dedicated to resolving the DB2 post-implementation support requested by CBC. Buddy del Rosario has agreed on providing post-implementation DB2 support and CBC has also verbally agreed on purchasing the support with additional costs.\r\n2. We\'re currently working out the details of the support and drafting a proposal to send to CBC.\r\n\r\nC. HARDWARE DELIVERY ETA\r\n1. Hardware delivery ETA has reached the 30-day mark last November 2.\r\n2. MSI has given an update that the materials have been shipped last October 30 (Monday). They\'re currently waiting on the flight details so they can send a delivery ETA.','2017-11-07 10:37:18','2017-11-07 10:38:43'),(4,9,261,'testtesttesttesttesttesttesttesttesttesttesttesttesttesttesttesttesttesttesttesttesttesttesttesttesttesttesttesttesttesttesttesttesttesttesttesttesttesttesttesttesttesttesttesttesttesttesttesttesttesttesttesttesttesttesttesttesttesttesttesttesttesttesttesttesttest','2017-11-07 10:42:51','2017-11-07 10:43:20'),(5,9,262,'testtesttesttesttesttesttesttesttesttesttesttesttesttesttesttesttesttesttesttesttesttesttesttesttesttesttesttesttesttesttesttesttesttesttesttesttesttesttesttesttesttesttesttesttesttesttesttesttesttesttesttesttesttesttesttesttesttesttesttesttesttesttesttesttesttest','2017-11-07 10:42:51','2017-11-07 10:43:20'),(6,9,263,'testtesttesttesttesttesttesttesttesttesttesttesttesttesttesttesttesttesttesttesttesttesttesttesttesttesttesttesttesttesttesttesttesttesttesttesttesttesttesttesttesttesttesttesttesttesttesttesttesttesttesttesttesttesttesttesttesttesttesttesttesttesttesttesttesttest','2017-11-07 10:42:51','2017-11-07 10:43:20'),(7,13,261,'5 years older asdfasfsadfasfasdfasdfasdfasdfasdflkjasd;lkfjwe;ljrioewflskdajfslkdafjlskadfj;lskdafj;lsda','2017-11-07 10:46:24','2017-11-07 11:13:07'),(8,13,262,'a qnx employee5 years older asdfasfsadfasfasdfasdfasdfasdfasdflkjasd;lkfjwe;ljrioewflskdajfslkdafjlskadfj;lskdafj;lsda','2017-11-07 10:46:24','2017-11-07 11:13:07'),(9,13,263,'no5 years older asdfasfsadfasfasdfasdfasdfasdfasdflkjasd;lkfjwe;ljrioewflskdajfslkdafjlskadfj;lskdafj;lsda','2017-11-07 10:46:24','2017-11-07 11:13:07'),(10,1,264,'ahkanehrellksdnfaknsdfaada a  adfadmna,dhflaue;asd falsdja,nsdlahjdsa','0000-00-00 00:00:00','0000-00-00 00:00:00'),(11,7,261,'QWERTYUIOPQWERTYUIOPQWERTYUIOPQWERTYUIOPQWERTYUIOPQWERTYUIOPQWERTYUIOPQWERTYUIOPQWERTYUIOPQWERTYUIOPQWERTYUIOPQWERTYUIOPQWERTYUIOPQWERTYUIOPQWERTYUIOPQWERTYUIOPQWERTYUIOPQWERTYUIOPQWERTYUIOPQWERTYUIOPQWERTYUIOPQWERTYUIOPQWERTYUIOPQWERTYUIOPQWERTYUIOPQWERTYUIOPQWERTYUIOPQWERTYUIOPQWERTYUIOPQWERTYUIOPQWERTYUIOPQWERTYUIOPQWERTYUIOPQWERTYUIOPQWERTYUIOPQWERTYUIOPQWERTYUIOPQWERTYUIOPQWERTYUIOPQWERTYUIOPQWERTYUIOPQWERTYUIOPQWERTYUIOPQWERTYUIOPQWERTYUIOPQWERTYUIOPQWERTYUIOPQWERTYUIOPQWERTYUIOPQWERTYUIOPQWERTYUIOPQWERTYUIOPQWERTYUIOPQWERTYUIOPQWERTYUIOPQWERTYUIOPQWERTYUIOPQWERTYUIOPQWERTYUIOPQWERTYUIOPQWERTYUIOPQWERTYUIOPQWERTYUIOPQWERTYUIOPQWERTYUIOPQWERTYUIOPQWERTYUIOPQWERTYUIOPQWERTYUIOPQWERTYUIOPQWERTYUIOPQWERTYUIOPQWERTYUIOPQWERTYUIOPQWERTYUIOPQWERTYUIOPQWERTYUIOPQWERTYUIOPQWERTYUIOPQWERTYUIOPQWERTYUIOPQWERTYUIOPQWERTYUIOPQWERTYUIOPQWERTYUIOPQWERTYUIOPQWERTYUIOPQWERTYUIOPQWERTYUIOPQWERTYUIOPQWERTYUIOPQWERTYUIOPQWERTYUIOPQWERTYUIOPQWERTYUIOPQWERTYUIOPQWERTYUIOPQWERTYUIOPQWERTYUIOPQWERTYUIOPQWERTYUIOPQWERTYUIOPQWERTYUIOPQWERTYUIOPQWERTYUIOPQWERTYUIOPQWERTYUIOPQWERTYUIOPQWERTYUIOPQWERTYUIOPQWERTYUIOPQWERTYUIOPQWERTYUIOPQWERTYUIOPQWERTYUIOPQWERTYUIOPQWERTYUIOPQWERTYUIOPQWERTYUIOPQWERTYUIOPQWERTYUIOPQWERTYUIOPQWERTYUIOPQWERTYUIOPQWERTYUIOPQWERTYUIOPQWERTYUIOPQWERTYUIOPQWERTYUIOPQWERTYUIOPQWERTYUIOPQWERTYUIOPQWERTYUIOPQWERTYUIOPQWERTYUIOPQWERTYUIOPQWERTYUIOPQWERTYUIOPQWERTYUIOPQWERTYUIOPQWERTYUIOPQWERTYUIOPQWERTYUIOPQWERTYUIOPQWERTYUIOPQWERTYUIOPQWERTYUIOPQWERTYUIOPQWERTYUIOPQWERTYUIOPQWERTYUIOPQWERTYUIOPQWERTYUIOPQWERTYUIOPQWERTYUIOPQWERTYUIOPQWERTYUIOPQWERTYUIOPQWERTYUIOPQWERTYUIOPQWERTYUIOPQWERTYUIOPQWERTYUIOPQWERTYUIOPQWERTYUIOPQWERTYUIOPQWERTYUIOPQWERTYUIOPQWERTYUIOPQWERTYUIOPQWERTYUIOPQWERTYUIOPQWERTYUIOPQWERTYUIOPQWERTYUIOPQWERTYUIOPQWERTYUIOPQWERTYUIOPQWERTYUIOPQWERTYUIOPQWERTYUIOPQWERTYUIOPQWERTYUIOPQWERTYUIOPQWERTYUIOPQWERTYUIOPQWERTYUIOPQWERTYUIOPQWERTYUIOPQWERTYUIOPQWERTYUIOPQWERTYUIOPQWERTYUIOPQWERTYUIOPQWERTYUIOPQWERTYUIOPQWERTYUIOPQWERTYUIOPQWERTYUIOPQWERTYUIOPQWERTYUIOPQWERTYUIOPQWERTYUIOPQWERTYUIOPQWERTYUIOPQWERTYUIOPQWERTYUIOPQWERTYUIOPQWERTYUIOPQWERTYUIOP','2017-11-07 10:48:09','2017-11-07 10:54:50'),(12,7,262,'QWERTYUIOPQWERTYUIOPQWERTYUIOPQWERTYUIOPQWERTYUIOPQWERTYUIOPQWERTYUIOPQWERTYUIOPQWERTYUIOPQWERTYUIOPQWERTYUIOPQWERTYUIOPQWERTYUIOPQWERTYUIOPQWERTYUIOPQWERTYUIOPQWERTYUIOPQWERTYUIOPQWERTYUIOPQWERTYUIOPQWERTYUIOPQWERTYUIOPQWERTYUIOPQWERTYUIOPQWERTYUIOPQWERTYUIOPQWERTYUIOPQWERTYUIOPQWERTYUIOPQWERTYUIOPQWERTYUIOPQWERTYUIOPQWERTYUIOPQWERTYUIOPQWERTYUIOPQWERTYUIOPQWERTYUIOPQWERTYUIOPQWERTYUIOPQWERTYUIOPQWERTYUIOPQWERTYUIOPQWERTYUIOPQWERTYUIOPQWERTYUIOPQWERTYUIOPQWERTYUIOPQWERTYUIOPQWERTYUIOPQWERTYUIOPQWERTYUIOPQWERTYUIOPQWERTYUIOPQWERTYUIOPQWERTYUIOPQWERTYUIOPQWERTYUIOPQWERTYUIOPQWERTYUIOPQWERTYUIOPQWERTYUIOPQWERTYUIOPQWERTYUIOPQWERTYUIOPQWERTYUIOPQWERTYUIOPQWERTYUIOPQWERTYUIOPQWERTYUIOPQWERTYUIOPQWERTYUIOPQWERTYUIOPQWERTYUIOPQWERTYUIOPQWERTYUIOPQWERTYUIOPQWERTYUIOPQWERTYUIOPQWERTYUIOPQWERTYUIOPQWERTYUIOPQWERTYUIOPQWERTYUIOPQWERTYUIOPQWERTYUIOPQWERTYUIOPQWERTYUIOPQWERTYUIOPQWERTYUIOPQWERTYUIOPQWERTYUIOPQWERTYUIOPQWERTYUIOPQWERTYUIOPQWERTYUIOPQWERTYUIOPQWERTYUIOPQWERTYUIOPQWERTYUIOPQWERTYUIOPQWERTYUIOPQWERTYUIOPQWERTYUIOPQWERTYUIOPQWERTYUIOPQWERTYUIOPQWERTYUIOPQWERTYUIOPQWERTYUIOPQWERTYUIOPQWERTYUIOPQWERTYUIOPQWERTYUIOPQWERTYUIOPQWERTYUIOPQWERTYUIOPQWERTYUIOPQWERTYUIOPQWERTYUIOPQWERTYUIOPQWERTYUIOPQWERTYUIOPQWERTYUIOPQWERTYUIOPQWERTYUIOPQWERTYUIOPQWERTYUIOPQWERTYUIOPQWERTYUIOPQWERTYUIOPQWERTYUIOPQWERTYUIOPQWERTYUIOPQWERTYUIOPQWERTYUIOPQWERTYUIOPQWERTYUIOPQWERTYUIOPQWERTYUIOPQWERTYUIOPQWERTYUIOPQWERTYUIOPQWERTYUIOPQWERTYUIOPQWERTYUIOPQWERTYUIOPQWERTYUIOPQWERTYUIOPQWERTYUIOPQWERTYUIOPQWERTYUIOPQWERTYUIOPQWERTYUIOPQWERTYUIOPQWERTYUIOPQWERTYUIOPQWERTYUIOPQWERTYUIOPQWERTYUIOPQWERTYUIOPQWERTYUIOPQWERTYUIOPQWERTYUIOPQWERTYUIOPQWERTYUIOPQWERTYUIOPQWERTYUIOPQWERTYUIOPQWERTYUIOPQWERTYUIOPQWERTYUIOPQWERTYUIOPQWERTYUIOPQWERTYUIOPQWERTYUIOPQWERTYUIOPQWERTYUIOPQWERTYUIOPQWERTYUIOPQWERTYUIOPQWERTYUIOPQWERTYUIOPQWERTYUIOPQWERTYUIOPQWERTYUIOPQWERTYUIOPQWERTYUIOPQWERTYUIOPQWERTYUIOPQWERTYUIOPQWERTYUIOPQWERTYUIOPQWERTYUIOPQWERTYUIOPQWERTYUIOPQWERTYUIOPQWERTYUIOPQWERTYUIOPQWERTYUIOPQWERTYUIOPQWERTYUIOPQWERTYUIOPQWERTYUIOPQWERTYUIOPQWERTYUIOPQWERTYUIOPQWERTYUIOPQWERTYUIOPQWERTYUIOPQWERTYUIOP','2017-11-07 10:48:09','2017-11-07 10:54:50'),(13,7,263,'QWERTYUIOPQWERTYUIOPQWERTYUIOPQWERTYUIOPQWERTYUIOPQWERTYUIOPQWERTYUIOPQWERTYUIOPQWERTYUIOPQWERTYUIOPQWERTYUIOPQWERTYUIOPQWERTYUIOPQWERTYUIOPQWERTYUIOPQWERTYUIOPQWERTYUIOPQWERTYUIOPQWERTYUIOPQWERTYUIOPQWERTYUIOPQWERTYUIOPQWERTYUIOPQWERTYUIOPQWERTYUIOPQWERTYUIOPQWERTYUIOPQWERTYUIOPQWERTYUIOPQWERTYUIOPQWERTYUIOPQWERTYUIOPQWERTYUIOPQWERTYUIOPQWERTYUIOPQWERTYUIOPQWERTYUIOPQWERTYUIOPQWERTYUIOPQWERTYUIOPQWERTYUIOPQWERTYUIOPQWERTYUIOPQWERTYUIOPQWERTYUIOPQWERTYUIOPQWERTYUIOPQWERTYUIOPQWERTYUIOPQWERTYUIOPQWERTYUIOPQWERTYUIOPQWERTYUIOPQWERTYUIOPQWERTYUIOPQWERTYUIOPQWERTYUIOPQWERTYUIOPQWERTYUIOPQWERTYUIOPQWERTYUIOPQWERTYUIOPQWERTYUIOPQWERTYUIOPQWERTYUIOPQWERTYUIOPQWERTYUIOPQWERTYUIOPQWERTYUIOPQWERTYUIOPQWERTYUIOPQWERTYUIOPQWERTYUIOPQWERTYUIOPQWERTYUIOPQWERTYUIOPQWERTYUIOPQWERTYUIOPQWERTYUIOPQWERTYUIOPQWERTYUIOPQWERTYUIOPQWERTYUIOPQWERTYUIOPQWERTYUIOPQWERTYUIOPQWERTYUIOPQWERTYUIOPQWERTYUIOPQWERTYUIOPQWERTYUIOPQWERTYUIOPQWERTYUIOPQWERTYUIOPQWERTYUIOPQWERTYUIOPQWERTYUIOPQWERTYUIOPQWERTYUIOPQWERTYUIOPQWERTYUIOPQWERTYUIOPQWERTYUIOPQWERTYUIOPQWERTYUIOPQWERTYUIOPQWERTYUIOPQWERTYUIOPQWERTYUIOPQWERTYUIOPQWERTYUIOPQWERTYUIOPQWERTYUIOPQWERTYUIOPQWERTYUIOPQWERTYUIOPQWERTYUIOPQWERTYUIOPQWERTYUIOPQWERTYUIOPQWERTYUIOPQWERTYUIOPQWERTYUIOPQWERTYUIOPQWERTYUIOPQWERTYUIOPQWERTYUIOPQWERTYUIOPQWERTYUIOPQWERTYUIOPQWERTYUIOPQWERTYUIOPQWERTYUIOPQWERTYUIOPQWERTYUIOPQWERTYUIOPQWERTYUIOPQWERTYUIOPQWERTYUIOPQWERTYUIOPQWERTYUIOPQWERTYUIOPQWERTYUIOPQWERTYUIOPQWERTYUIOPQWERTYUIOPQWERTYUIOPQWERTYUIOPQWERTYUIOPQWERTYUIOPQWERTYUIOPQWERTYUIOPQWERTYUIOPQWERTYUIOPQWERTYUIOPQWERTYUIOPQWERTYUIOPQWERTYUIOPQWERTYUIOPQWERTYUIOPQWERTYUIOPQWERTYUIOPQWERTYUIOPQWERTYUIOPQWERTYUIOPQWERTYUIOPQWERTYUIOPQWERTYUIOPQWERTYUIOPQWERTYUIOPQWERTYUIOPQWERTYUIOPQWERTYUIOPQWERTYUIOPQWERTYUIOPQWERTYUIOPQWERTYUIOPQWERTYUIOPQWERTYUIOPQWERTYUIOPQWERTYUIOPQWERTYUIOPQWERTYUIOPQWERTYUIOPQWERTYUIOPQWERTYUIOPQWERTYUIOPQWERTYUIOPQWERTYUIOPQWERTYUIOPQWERTYUIOPQWERTYUIOPQWERTYUIOPQWERTYUIOPQWERTYUIOPQWERTYUIOPQWERTYUIOPQWERTYUIOPQWERTYUIOPQWERTYUIOPQWERTYUIOPQWERTYUIOPQWERTYUIOPQWERTYUIOPQWERTYUIOPQWERTYUIOPQWERTYUIOPQWERTYUIOPQWERTYUIOPQWERTYUIOP','2017-11-07 10:48:09','2017-11-07 10:54:50'),(14,2,264,'A. ACTIVITIES LAST OCT 23-27\r\n1. An emergency meeting was called by CBC last October 24 regarding pre-implementation issues. Attendees included Ms. Jeck Maog and Ms. Editha Young. Agenda discussed were the timeline, work-around with the dependency on hardware delivery, and DB2 support.\r\n2. A two-part Knowledge Transfer on BigFix Orientation was done last October 26 and 27.\r\n3. A site visit was done last October 26 c/o SE Joester Geroy. Changes on the Configuration Plan was raised: instead of using RAID5, CBC will use RAID10.\r\n\r\nB. DB2 SUPPORT\r\n1. This week was dedicated to resolving the DB2 post-implementation support requested by CBC. Buddy del Rosario has agreed on providing post-implementation DB2 support and CBC has also verbally agreed on purchasing the support with additional costs.\r\n2. We\'re currently working out the details of the support and drafting a proposal to send to CBC.\r\n\r\nC. HARDWARE DELIVERY ETA\r\n1. Hardware delivery ETA has reached the 30-day mark last November 2.\r\n2. MSI has given an update that the materials have been shipped last October 30 (Monday). They\'re currently waiting on the flight details so they can send a delivery ETA.','0000-00-00 00:00:00','0000-00-00 00:00:00'),(15,11,261,'Secret. We will be having the QA Level 3 run 1 for Online Recruitment:Online Examination today.\r\n\r\n\r\n\r\nPlease refer to the test scripts that will be given to you.\r\n\r\n\r\n\r\nIf you any concerns/question, feel free to approach me or Sir Jerome anytime. \r\n\r\n\r\n\r\nThank you for your valuable time.\r\n\r\n\r\n\r\nHave a spectacular day ahead!\r\n\r\n','2017-11-07 10:54:13','2017-11-07 10:55:53'),(16,11,262,'Secret We will be having the QA Level 3 run 1 for Online Recruitment:Online Examination today.\r\n\r\n\r\n\r\nPlease refer to the test scripts that will be given to you.\r\n\r\n\r\n\r\nIf you any concerns/question, feel free to approach me or Sir Jerome anytime. \r\n\r\n\r\n\r\nThank you for your valuable time.\r\n\r\n\r\n\r\nHave a spectacular day ahead!\r\n\r\n','2017-11-07 10:54:13','2017-11-07 10:55:53'),(17,11,263,'Secret. We will be having the QA Level 3 run 1 for Online Recruitment:Online Examination today.\r\n\r\n\r\n\r\nPlease refer to the test scripts that will be given to you.\r\n\r\n\r\n\r\nIf you any concerns/question, feel free to approach me or Sir Jerome anytime. \r\n\r\n\r\n\r\nThank you for your valuable time.\r\n\r\n\r\n\r\nHave a spectacular day ahead!\r\n\r\n','2017-11-07 10:54:13','2017-11-07 10:55:53'),(18,11,264,'We will be having the QA Level 3 run 1 for Online Recruitment:Online Examination today.\r\n\r\n\r\n\r\nPlease refer to the test scripts that will be given to you.\r\n\r\n\r\n\r\nIf you any concerns/question, feel free to approach me or Sir Jerome anytime. \r\n\r\n\r\n\r\nThank you for your valuable time.\r\n\r\n\r\n\r\nHave a spectacular day ahead!','0000-00-00 00:00:00','0000-00-00 00:00:00'),(19,3,261,'lorem ipsum lorem ipsum lorem ipsum lorem ipsulorem ipsum m lorem ipsum lorem ipsum lorem ipsum ','2017-11-07 11:04:15','2017-11-07 11:04:54'),(20,3,262,'lorem ipsum lorem ipsum lorem ipsum lorem ipsum lorem ipsum lorem ipsum lorem ipsum ','2017-11-07 11:04:15','2017-11-07 11:04:54'),(21,3,263,'lorem ipsum lorem ipsum lorem ipsum lorem ipsum lorem ipsum lorem ipsum lorem ipsum lorem ipsum ','2017-11-07 11:04:15','2017-11-07 11:04:54'),(22,3,264,'lorem ipsum lorem ipsum lorem ipsum lorem ipsum lorem ipsum lorem ipsum lorem ipsum lorem ipsum lorem ipsum lorem ipsum lorem ipsum','0000-00-00 00:00:00','0000-00-00 00:00:00'),(23,4,261,'vsdassdassdassdassdassdassdassdassdassdassdassdassdassdassdassdassdas','2017-11-07 11:21:40','2017-11-07 11:22:03'),(24,4,262,'sdassdassdassdassdassdassdassdassdassdassdassdassdassdassdassdassdassdassdas','2017-11-07 11:21:40','2017-11-07 11:22:03'),(25,4,263,'sdassdassdassdassdassdassdassdassdassdassdassdassdassdassdas','2017-11-07 11:21:40','2017-11-07 11:22:03'),(26,20,261,'sdfghj dsfghj sdfg asdfg sdfg asdfg sdfgsadfg asdf sadfg fg sdf sdfghjk asdfghj sadfghjwesrdtfygh asdf serdtyu waesrdtfyghu wertyui esrdtyu sdfghjk 4567','2017-11-07 11:25:05','2017-11-07 11:25:33'),(27,20,262,'sdfghj dsfghj sdfg asdfg sdfg asdfg sdfgsadfg asdf sadfg fg sdf sdfghjk asdfghj sadfghjwesrdtfygh asdf serdtyu waesrdtfyghu wertyui esrdtyu sdfghjk 4567','2017-11-07 11:25:05','2017-11-07 11:25:33'),(28,20,263,'sdfghj dsfghj sdfg asdfg sdfg asdfg sdfgsadfg asdf sadfg fg sdf sdfghjk asdfghj sadfghjwesrdtfygh asdf serdtyu waesrdtfyghu wertyui esrdtyu sdfghjk 4567','2017-11-07 11:25:05','2017-11-07 11:25:33'),(29,4,264,'sdassdassdassdassdassdassdassdassdassdassdassdassdassdas','0000-00-00 00:00:00','0000-00-00 00:00:00'),(30,13,264,'The Brand Manager for Security Solution is mainly responsible for the security business in the company based on QNX products as well as for the security solutions targets within the company. Other responsibilities include but are not limited to the following:\r\n\r\nDeveloping opportunities for security solutions based on QNX range of products.\r\nAddressing clients\' requirements by using technical solution design.','0000-00-00 00:00:00','0000-00-00 00:00:00'),(31,8,261,'adsssssssssssssssssssssssssssssssssssssssssssssssssssssssssssSadsssssssssssssssssssssssssssssssssssssssssssssssssssssssssssSadsssssssssssssssssssssssssssssssssssssssssssssssssssssssssssSadsssssssssssssssssssssssssssssssssssssssssssssssssssssssssssSadsssssssssssssssssssssssssssssssssssssssssssssssssssssssssssSadsssssssssssssssssssssssssssssssssssssssssssssssssssssssssssSadsssssssssssssssssssssssssssssssssssssssssssssssssssssssssssSadsssssssssssssssssssssssssssssssssssssssssssssssssssssssssssSadsssssssssssssssssssssssssssssssssssssssssssssssssssssssssssSadsssssssssssssssssssssssssssssssssssssssssssssssssssssssssssSadsssssssssssssssssssssssssssssssssssssssssssssssssssssssssssSadsssssssssssssssssssssssssssssssssssssssssssssssssssssssssssSadsssssssssssssssssssssssssssssssssssssssssssssssssssssssssssSadsssssssssssssssssssssssssssssssssssssssssssssssssssssssssssSadsssssssssssssssssssssssssssssssssssssssssssssssssssssssssssSadsssssssssssssssssssssssssssssssssssssssssssssssssssssssssssSadsssssssssssssssssssssssssssssssssssssssssssssssssssssssssssSadsssssssssssssssssssssssssssssssssssssssssssssssssssssssssssSadsssssssssssssssssssssssssssssssssssssssssssssssssssssssssssSadsssssssssssssssssssssssssssssssssssssssssssssssssssssssssssSadsssssssssssssssssssssssssssssssssssssssssssssssssssssssssssSadsssssssssssssssssssssssssssssssssssssssssssssssssssssssssssSadsssssssssssssssssssssssssssssssssssssssssssssssssssssssssssSadsssssssssssssssssssssssssssssssssssssssssssssssssssssssssssSadsssssssssssssssssssssssssssssssssssssssssssssssssssssssssssSadsssssssssssssssssssssssssssssssssssssssssssssssssssssssssssSadsssssssssssssssssssssssssssssssssssssssssssssssssssssssssssSadsssssssssssssssssssssssssssssssssssssssssssssssssssssssssssSadsssssssssssssssssssssssssssssssssssssssssssssssssssssssssssSadsssssssssssssssssssssssssssssssssssssssssssssssssssssssssssSadsssssssssssssssssssssssssssssssssssssssssssssssssssssssssssSadsssssssssssssssssssssssssssssssssssssssssssssssssssssssssssSadsssssssssssssssssssssssssssssssssssssssssssssssssssssssssssSadsssssssssssssssssssssssssssssssssssssssssssssssssssssssssssSadsssssssssssssssssssssssssssssssssssssssssssssssssssssssssssSadsssssssssssssssssssssssssssssssssssssssssssssssssssssssssssSadsssssssssssssssssssssssssssssssssssssssssssssssssssssssssssSadsssssssssssssssssssssssssssssssssssssssssssssssssssssssssssSadsssssssssssssssssssssssssssssssssssssssssssssssssssssssssssSadsssssssssssssssssssssssssssssssssssssssssssssssssssssssssssSadsssssssssssssssssssssssssssssssssssssssssssssssssssssssssssSadsssssssssssssssssssssssssssssssssssssssssssssssssssssssssssSadsssssssssssssssssssssssssssssssssssssssssssssssssssssssssssSadsssssssssssssssssssssssssssssssssssssssssssssssssssssssssssSadsssssssssssssssssssssssssssssssssssssssssssssssssssssssssssSadsssssssssssssssssssssssssssssssssssssssssssssssssssssssssssSadsssssssssssssssssssssssssssssssssssssssssssssssssssssssssssSadsssssssssssssssssssssssssssssssssssssssssssssssssssssssssssSadsssssssssssssssssssssssssssssssssssssssssssssssssssssssssssSadsssssssssssssssssssssssssssssssssssssssssssssssssssssssssssSadsssssssssssssssssssssssssssssssssssssssssssssssssssssssssssSadsssssssssssssssssssssssssssssssssssssssssssssssssssssssssssSadsssssssssssssssssssssssssssssssssssssssssssssssssssssssssssSadsssssssssssssssssssssssssssssssssssssssssssssssssssssssssssSadsssssssssssssssssssssssssssssssssssssssssssssssssssssssssssSadsssssssssssssssssssssssssssssssssssssssssssssssssssssssssssSadsssssssssssssssssssssssssssssssssssssssssssssssssssssssssssSadsssssssssssssssssssssssssssssssssssssssssssssssssssssssssssSadsssssssssssssssssssssssssssssssssssssssssssssssssssssssssssSadsssssssssssssssssssssssssssssssssssssssssssssssssssssssssssSadsssssssssssssssssssssssssssssssssssssssssssssssssssssssssssSadsssssssssssssssssssssssssssssssssssssssssssssssssssssssssssSadsssssssssssssssssssssssssssssssssssssssssssssssssssssssssssSadsssssssssssssssssssssssssssssssssssssssssssssssssssssssssssSadsssssssssssssssssssssssssssssssssssssssssssssssssssssssssssSadsssssssssssssssssssssssssssssssssssssssssssssssssssssssssssSadsssssssssssssssssssssssssssssssssssssssssssssssssssssssssssSadsssssssssssssssssssssssssssssssssssssssssssssssssssssssssssSadsssssssssssssssssssssssssssssssssssssssssssssssssssssssssssSadsssssssssssssssssssssssssssssssssssssssssssssssssssssssssssSadsssssssssssssssssssssssssssssssssssssssssssssssssssssssssssSadsssssssssssssssssssssssssssssssssssssssssssssssssssssssssssSadsssssssssssssssssssssssssssssssssssssssssssssssssssssssssssSadsssssssssssssssssssssssssssssssssssssssssssssssssssssssssssSadsssssssssssssssssssssssssssssssssssssssssssssssssssssssssssSadsssssssssssssssssssssssssssssssssssssssssssssssssssssssssssSadsssssssssssssssssssssssssssssssssssssssssssssssssssssssssssSadsssssssssssssssssssssssssssssssssssssssssssssssssssssssssssSadsssssssssssssssssssssssssssssssssssssssssssssssssssssssssssSadsssssssssssssssssssssssssssssssssssssssssssssssssssssssssssSadsssssssssssssssssssssssssssssssssssssssssssssssssssssssssssSadsssssssssssssssssssssssssssssssssssssssssssssssssssssssssssSadsssssssssssssssssssssssssssssssssssssssssssssssssssssssssssSadsssssssssssssssssssssssssssssssssssssssssssssssssssssssssssSadsssssssssssssssssssssssssssssssssssssssssssssssssssssssssssSadsssssssssssssssssssssssssssssssssssssssssssssssssssssssssssSadsssssssssssssssssssssssssssssssssssssssssssssssssssssssssssSadsssssssssssssssssssssssssssssssssssssssssssssssssssssssssssSadsssssssssssssssssssssssssssssssssssssssssssssssssssssssssssSadsssssssssssssssssssssssssssssssssssssssssssssssssssssssssssSadsssssssssssssssssssssssssssssssssssssssssssssssssssssssssssSadsssssssssssssssssssssssssssssssssssssssssssssssssssssssssssSadsssssssssssssssssssssssssssssssssssssssssssssssssssssssssssSadsssssssssssssssssssssssssssssssssssssssssssssssssssssssssssSadsssssssssssssssssssssssssssssssssssssssssssssssssssssssssssSadsssssssssssssssssssssssssssssssssssssssssssssssssssssssssssSadsssssssssssssssssssssssssssssssssssssssssssssssssssssssssssSadsssssssssssssssssssssssssssssssssssssssssssssssssssssssssssSadsssssssssssssssssssssssssssssssssssssssssssssssssssssssssssSadsssssssssssssssssssssssssssssssssssssssssssssssssssssssssssSadsssssssssssssssssssssssssssssssssssssssssssssssssssssssssssSadsssssssssssssssssssssssssssssssssssssssssssssssssssssssssssSadsssssssssssssssssssssssssssssssssssssssssssssssssssssssssssSadsssssssssssssssssssssssssssssssssssssssssssssssssssssssssssSadsssssssssssssssssssssssssssssssssssssssssssssssssssssssssssSadsssssssssssssssssssssssssssssssssssssssssssssssssssssssssssSadsssssssssssssssssssssssssssssssssssssssssssssssssssssssssssSadsssssssssssssssssssssssssssssssssssssssssssssssssssssssssssSadsssssssssssssssssssssssssssssssssssssssssssssssssssssssssssSadsssssssssssssssssssssssssssssssssssssssssssssssssssssssssssSadsssssssssssssssssssssssssssssssssssssssssssssssssssssssssssSadsssssssssssssssssssssssssssssssssssssssssssssssssssssssssssSadsssssssssssssssssssssssssssssssssssssssssssssssssssssssssssSadsssssssssssssssssssssssssssssssssssssssssssssssssssssssssssSadsssssssssssssssssssssssssssssssssssssssssssssssssssssssssssSadsssssssssssssssssssssssssssssssssssssssssssssssssssssssssssSadsssssssssssssssssssssssssssssssssssssssssssssssssssssssssssSadsssssssssssssssssssssssssssssssssssssssssssssssssssssssssssSadsssssssssssssssssssssssssssssssssssssssssssssssssssssssssssSadsssssssssssssssssssssssssssssssssssssssssssssssssssssssssssSadsssssssssssssssssssssssssssssssssssssssssssssssssssssssssssSadsssssssssssssssssssssssssssssssssssssssssssssssssssssssssssSadsssssssssssssssssssssssssssssssssssssssssssssssssssssssssssSadsssssssssssssssssssssssssssssssssssssssssssssssssssssssssssSadsssssssssssssssssssssssssssssssssssssssssssssssssssssssssssSadsssssssssssssssssssssssssssssssssssssssssssssssssssssssssssSadsssssssssssssssssssssssssssssssssssssssssssssssssssssssssssSadsssssssssssssssssssssssssssssssssssssssssssssssssssssssssssSadsssssssssssssssssssssssssssssssssssssssssssssssssssssssssssSadsssssssssssssssssssssssssssssssssssssssssssssssssssssssssssSadsssssssssssssssssssssssssssssssssssssssssssssssssssssssssssSadsssssssssssssssssssssssssssssssssssssssssssssssssssssssssssSadsssssssssssssssssssssssssssssssssssssssssssssssssssssssssssSadsssssssssssssssssssssssssssssssssssssssssssssssssssssssssssSadsssssssssssssssssssssssssssssssssssssssssssssssssssssssssssSadsssssssssssssssssssssssssssssssssssssssssssssssssssssssssssSadsssssssssssssssssssssssssssssssssssssssssssssssssssssssssssSadsssssssssssssssssssssssssssssssssssssssssssssssssssssssssssSadsssssssssssssssssssssssssssssssssssssssssssssssssssssssssssSadsssssssssssssssssssssssssssssssssssssssssssssssssssssssssssSadsssssssssssssssssssssssssssssssssssssssssssssssssssssssssssSadsssssssssssssssssssssssssssssssssssssssssssssssssssssssssssSadsssssssssssssssssssssssssssssssssssssssssssssssssssssssssssSadsssssssssssssssssssssssssssssssssssssssssssssssssssssssssssSadsssssssssssssssssssssssssssssssssssssssssssssssssssssssssssSadsssssssssssssssssssssssssssssssssssssssssssssssssssssssssssSadsssssssssssssssssssssssssssssssssssssssssssssssssssssssssssSadsssssssssssssssssssssssssssssssssssssssssssssssssssssssssssSadsssssssssssssssssssssssssssssssssssssssssssssssssssssssssssSadsssssssssssssssssssssssssssssssssssssssssssssssssssssssssssSadsssssssssssssssssssssssssssssssssssssssssssssssssssssssssssSadsssssssssssssssssssssssssssssssssssssssssssssssssssssssssssSadsssssssssssssssssssssssssssssssssssssssssssssssssssssssssssSadsssssssssssssssssssssssssssssssssssssssssssssssssssssssssssSadsssssssssssssssssssssssssssssssssssssssssssssssssssssssssssSadsssssssssssssssssssssssssssssssssssssssssssssssssssssssssssSadsssssssssssssssssssssssssssssssssssssssssssssssssssssssssssSadsssssssssssssssssssssssssssssssssssssssssssssssssssssssssssSadsssssssssssssssssssssssssssssssssssssssssssssssssssssssssssSadsssssssssssssssssssssssssssssssssssssssssssssssssssssssssssSadsssssssssssssssssssssssssssssssssssssssssssssssssssssssssssSadsssssssssssssssssssssssssssssssssssssssssssssssssssssssssssSadsssssssssssssssssssssssssssssssssssssssssssssssssssssssssssSadsssssssssssssssssssssssssssssssssssssssssssssssssssssssssssSadsssssssssssssssssssssssssssssssssssssssssssssssssssssssssssSadsssssssssssssssssssssssssssssssssssssssssssssssssssssssssssSadsssssssssssssssssssssssssssssssssssssssssssssssssssssssssssSadsssssssssssssssssssssssssssssssssssssssssssssssssssssssssssSadsssssssssssssssssssssssssssssssssssssssssssssssssssssssssssSadsssssssssssssssssssssssssssssssssssssssssssssssssssssssssssSadsssssssssssssssssssssssssssssssssssssssssssssssssssssssssssSadsssssssssssssssssssssssssssssssssssssssssssssssssssssssssssSadsssssssssssssssssssssssssssssssssssssssssssssssssssssssssssSadsssssssssssssssssssssssssssssssssssssssssssssssssssssssssssSadsssssssssssssssssssssssssssssssssssssssssssssssssssssssssssSadsssssssssssssssssssssssssssssssssssssssssssssssssssssssssssSadsssssssssssssssssssssssssssssssssssssssssssssssssssssssssssSadsssssssssssssssssssssssssssssssssssssssssssssssssssssssssssSadsssssssssssssssssssssssssssssssssssssssssssssssssssssssssssSadsssssssssssssssssssssssssssssssssssssssssssssssssssssssssssSadsssssssssssssssssssssssssssssssssssssssssssssssssssssssssssSadsssssssssssssssssssssssssssssssssssssssssssssssssssssssssssSadsssssssssssssssssssssssssssssssssssssssssssssssssssssssssssSadsssssssssssssssssssssssssssssssssssssssssssssssssssssssssssSadsssssssssssssssssssssssssssssssssssssssssssssssssssssssssssSadsssssssssssssssssssssssssssssssssssssssssssssssssssssssssssSadsssssssssssssssssssssssssssssssssssssssssssssssssssssssssssSadsssssssssssssssssssssssssssssssssssssssssssssssssssssssssssSadsssssssssssssssssssssssssssssssssssssssssssssssssssssssssssSadsssssssssssssssssssssssssssssssssssssssssssssssssssssssssssSadsssssssssssssssssssssssssssssssssssssssssssssssssssssssssssSadsssssssssssssssssssssssssssssssssssssssssssssssssssssssssssSadsssssssssssssssssssssssssssssssssssssssssssssssssssssssssssSadsssssssssssssssssssssssssssssssssssssssssssssssssssssssssssSadsssssssssssssssssssssssssssssssssssssssssssssssssssssssssssSadsssssssssssssssssssssssssssssssssssssssssssssssssssssssssssSadsssssssssssssssssssssssssssssssssssssssssssssssssssssssssssSadsssssssssssssssssssssssssssssssssssssssssssssssssssssssssssSadsssssssssssssssssssssssssssssssssssssssssssssssssssssssssssSadsssssssssssssssssssssssssssssssssssssssssssssssssssssssssssSadsssssssssssssssssssssssssssssssssssssssssssssssssssssssssssSadsssssssssssssssssssssssssssssssssssssssssssssssssssssssssssSadsssssssssssssssssssssssssssssssssssssssssssssssssssssssssssSadsssssssssssssssssssssssssssssssssssssssssssssssssssssssssssSadsssssssssssssssssssssssssssssssssssssssssssssssssssssssssssSadsssssssssssssssssssssssssssssssssssssssssssssssssssssssssssSadsssssssssssssssssssssssssssssssssssssssssssssssssssssssssssSadsssssssssssssssssssssssssssssssssssssssssssssssssssssssssssSadsssssssssssssssssssssssssssssssssssssssssssssssssssssssssssSadsssssssssssssssssssssssssssssssssssssssssssssssssssssssssssSadsssssssssssssssssssssssssssssssssssssssssssssssssssssssssssSadsssssssssssssssssssssssssssssssssssssssssssssssssssssssssssSadsssssssssssssssssssssssssssssssssssssssssssssssssssssssssssSadsssssssssssssssssssssssssssssssssssssssssssssssssssssssssssSadsssssssssssssssssssssssssssssssssssssssssssssssssssssssssssSadsssssssssssssssssssssssssssssssssssssssssssssssssssssssssssSadsssssssssssssssssssssssssssssssssssssssssssssssssssssssssssSadsssssssssssssssssssssssssssssssssssssssssssssssssssssssssssSadsssssssssssssssssssssssssssssssssssssssssssssssssssssssssssSadsssssssssssssssssssssssssssssssssssssssssssssssssssssssssssSadsssssssssssssssssssssssssssssssssssssssssssssssssssssssssssSadsssssssssssssssssssssssssssssssssssssssssssssssssssssssssssSadsssssssssssssssssssssssssssssssssssssssssssssssssssssssssssSadsssssssssssssssssssssssssssssssssssssssssssssssssssssssssssSadsssssssssssssssssssssssssssssssssssssssssssssssssssssssssssSadsssssssssssssssssssssssssssssssssssssssssssssssssssssssssssSadsssssssssssssssssssssssssssssssssssssssssssssssssssssssssssSadsssssssssssssssssssssssssssssssssssssssssssssssssssssssssssSadsssssssssssssssssssssssssssssssssssssssssssssssssssssssssssSadsssssssssssssssssssssssssssssssssssssssssssssssssssssssssssSadsssssssssssssssssssssssssssssssssssssssssssssssssssssssssssSadsssssssssssssssssssssssssssssssssssssssssssssssssssssssssssSadsssssssssssssssssssssssssssssssssssssssssssssssssssssssssssSadsssssssssssssssssssssssssssssssssssssssssssssssssssssssssssSadsssssssssssssssssssssssssssssssssssssssssssssssssssssssssssSadsssssssssssssssssssssssssssssssssssssssssssssssssssssssssssSadsssssssssssssssssssssssssssssssssssssssssssssssssssssssssssSadsssssssssssssssssssssssssssssssssssssssssssssssssssssssssssSadsssssssssssssssssssssssssssssssssssssssssssssssssssssssssssSadsssssssssssssssssssssssssssssssssssssssssssssssssssssssssssSadsssssssssssssssssssssssssssssssssssssssssssssssssssssssssssSadsssssssssssssssssssssssssssssssssssssssssssssssssssssssssssSadsssssssssssssssssssssssssssssssssssssssssssssssssssssssssssSadsssssssssssssssssssssssssssssssssssssssssssssssssssssssssssSadsssssssssssssssssssssssssssssssssssssssssssssssssssssssssssSadsssssssssssssssssssssssssssssssssssssssssssssssssssssssssssSadsssssssssssssssssssssssssssssssssssssssssssssssssssssssssssSadsssssssssssssssssssssssssssssssssssssssssssssssssssssssssssSadsssssssssssssssssssssssssssssssssssssssssssssssssssssssssssSadsssssssssssssssssssssssssssssssssssssssssssssssssssssssssssSadsssssssssssssssssssssssssssssssssssssssssssssssssssssssssssSadsssssssssssssssssssssssssssssssssssssssssssssssssssssssssssSadsssssssssssssssssssssssssssssssssssssssssssssssssssssssssssSadsssssssssssssssssssssssssssssssssssssssssssssssssssssssssssSadsssssssssssssssssssssssssssssssssssssssssssssssssssssssssssSadsssssssssssssssssssssssssssssssssssssssssssssssssssssssssssSadsssssssssssssssssssssssssssssssssssssssssssssssssssssssssssSadsssssssssssssssssssssssssssssssssssssssssssssssssssssssssssSadsssssssssssssssssssssssssssssssssssssssssssssssssssssssssssSadsssssssssssssssssssssssssssssssssssssssssssssssssssssssssssSadsssssssssssssssssssssssssssssssssssssssssssssssssssssssssssSadsssssssssssssssssssssssssssssssssssssssssssssssssssssssssssSadsssssssssssssssssssssssssssssssssssssssssssssssssssssssssssSadsssssssssssssssssssssssssssssssssssssssssssssssssssssssssssSadsssssssssssssssssssssssssssssssssssssssssssssssssssssssssssSadsssssssssssssssssssssssssssssssssssssssssssssssssssssssssssSadsssssssssssssssssssssssssssssssssssssssssssssssssssssssssssSadsssssssssssssssssssssssssssssssssssssssssssssssssssssssssssSadsssssssssssssssssssssssssssssssssssssssssssssssssssssssssssSadsssssssssssssssssssssssssssssssssssssssssssssssssssssssssssSadsssssssssssssssssssssssssssssssssssssssssssssssssssssssssssSadsssssssssssssssssssssssssssssssssssssssssssssssssssssssssssSadsssssssssssssssssssssssssssssssssssssssssssssssssssssssssssSadsssssssssssssssssssssssssssssssssssssssssssssssssssssssssssSadsssssssssssssssssssssssssssssssssssssssssssssssssssssssssssSadsssssssssssssssssssssssssssssssssssssssssssssssssssssssssssSadsssssssssssssssssssssssssssssssssssssssssssssssssssssssssssSadsssssssssssssssssssssssssssssssssssssssssssssssssssssssssssSadsssssssssssssssssssssssssssssssssssssssssssssssssssssssssssSadsssssssssssssssssssssssssssssssssssssssssssssssssssssssssssSadsssssssssssssssssssssssssssssssssssssssssssssssssssssssssssSadsssssssssssssssssssssssssssssssssssssssssssssssssssssssssssSadsssssssssssssssssssssssssssssssssssssssssssssssssssssssssssSadsssssssssssssssssssssssssssssssssssssssssssssssssssssssssssSadsssssssssssssssssssssssssssssssssssssssssssssssssssssssssssSadsssssssssssssssssssssssssssssssssssssssssssssssssssssssssssSadsssssssssssssssssssssssssssssssssssssssssssssssssssssssssssSadsssssssssssssssssssssssssssssssssssssssssssssssssssssssssssSadsssssssssssssssssssssssssssssssssssssssssssssssssssssssssssSadsssssssssssssssssssssssssssssssssssssssssssssssssssssssssssSadsssssssssssssssssssssssssssssssssssssssssssssssssssssssssssS','2017-11-07 13:06:20','2017-11-07 13:07:19'),(32,8,262,'adsssssssssssssssssssssssssssssssssssssssssssssssssssssssssssSadsssssssssssssssssssssssssssssssssssssssssssssssssssssssssssSadsssssssssssssssssssssssssssssssssssssssssssssssssssssssssssSadsssssssssssssssssssssssssssssssssssssssssssssssssssssssssssSadsssssssssssssssssssssssssssssssssssssssssssssssssssssssssssSadsssssssssssssssssssssssssssssssssssssssssssssssssssssssssssSadsssssssssssssssssssssssssssssssssssssssssssssssssssssssssssSadsssssssssssssssssssssssssssssssssssssssssssssssssssssssssssSadsssssssssssssssssssssssssssssssssssssssssssssssssssssssssssSadsssssssssssssssssssssssssssssssssssssssssssssssssssssssssssSadsssssssssssssssssssssssssssssssssssssssssssssssssssssssssssSadsssssssssssssssssssssssssssssssssssssssssssssssssssssssssssSadsssssssssssssssssssssssssssssssssssssssssssssssssssssssssssSadsssssssssssssssssssssssssssssssssssssssssssssssssssssssssssSadsssssssssssssssssssssssssssssssssssssssssssssssssssssssssssSadsssssssssssssssssssssssssssssssssssssssssssssssssssssssssssSadsssssssssssssssssssssssssssssssssssssssssssssssssssssssssssSadsssssssssssssssssssssssssssssssssssssssssssssssssssssssssssSadsssssssssssssssssssssssssssssssssssssssssssssssssssssssssssSadsssssssssssssssssssssssssssssssssssssssssssssssssssssssssssSadsssssssssssssssssssssssssssssssssssssssssssssssssssssssssssSadsssssssssssssssssssssssssssssssssssssssssssssssssssssssssssSadsssssssssssssssssssssssssssssssssssssssssssssssssssssssssssSadsssssssssssssssssssssssssssssssssssssssssssssssssssssssssssSadsssssssssssssssssssssssssssssssssssssssssssssssssssssssssssSadsssssssssssssssssssssssssssssssssssssssssssssssssssssssssssSadsssssssssssssssssssssssssssssssssssssssssssssssssssssssssssSadsssssssssssssssssssssssssssssssssssssssssssssssssssssssssssSadsssssssssssssssssssssssssssssssssssssssssssssssssssssssssssSadsssssssssssssssssssssssssssssssssssssssssssssssssssssssssssSadsssssssssssssssssssssssssssssssssssssssssssssssssssssssssssSadsssssssssssssssssssssssssssssssssssssssssssssssssssssssssssSadsssssssssssssssssssssssssssssssssssssssssssssssssssssssssssSadsssssssssssssssssssssssssssssssssssssssssssssssssssssssssssSadsssssssssssssssssssssssssssssssssssssssssssssssssssssssssssSadsssssssssssssssssssssssssssssssssssssssssssssssssssssssssssSadsssssssssssssssssssssssssssssssssssssssssssssssssssssssssssSadsssssssssssssssssssssssssssssssssssssssssssssssssssssssssssSadsssssssssssssssssssssssssssssssssssssssssssssssssssssssssssSadsssssssssssssssssssssssssssssssssssssssssssssssssssssssssssSadsssssssssssssssssssssssssssssssssssssssssssssssssssssssssssSadsssssssssssssssssssssssssssssssssssssssssssssssssssssssssssSadsssssssssssssssssssssssssssssssssssssssssssssssssssssssssssSadsssssssssssssssssssssssssssssssssssssssssssssssssssssssssssSadsssssssssssssssssssssssssssssssssssssssssssssssssssssssssssSadsssssssssssssssssssssssssssssssssssssssssssssssssssssssssssSadsssssssssssssssssssssssssssssssssssssssssssssssssssssssssssSadsssssssssssssssssssssssssssssssssssssssssssssssssssssssssssSadsssssssssssssssssssssssssssssssssssssssssssssssssssssssssssSadsssssssssssssssssssssssssssssssssssssssssssssssssssssssssssSadsssssssssssssssssssssssssssssssssssssssssssssssssssssssssssSadsssssssssssssssssssssssssssssssssssssssssssssssssssssssssssSadsssssssssssssssssssssssssssssssssssssssssssssssssssssssssssSadsssssssssssssssssssssssssssssssssssssssssssssssssssssssssssSadsssssssssssssssssssssssssssssssssssssssssssssssssssssssssssSadsssssssssssssssssssssssssssssssssssssssssssssssssssssssssssSadsssssssssssssssssssssssssssssssssssssssssssssssssssssssssssSadsssssssssssssssssssssssssssssssssssssssssssssssssssssssssssSadsssssssssssssssssssssssssssssssssssssssssssssssssssssssssssSadsssssssssssssssssssssssssssssssssssssssssssssssssssssssssssSadsssssssssssssssssssssssssssssssssssssssssssssssssssssssssssSadsssssssssssssssssssssssssssssssssssssssssssssssssssssssssssSadsssssssssssssssssssssssssssssssssssssssssssssssssssssssssssSadsssssssssssssssssssssssssssssssssssssssssssssssssssssssssssSadsssssssssssssssssssssssssssssssssssssssssssssssssssssssssssSadsssssssssssssssssssssssssssssssssssssssssssssssssssssssssssSadsssssssssssssssssssssssssssssssssssssssssssssssssssssssssssSadsssssssssssssssssssssssssssssssssssssssssssssssssssssssssssSadsssssssssssssssssssssssssssssssssssssssssssssssssssssssssssSadsssssssssssssssssssssssssssssssssssssssssssssssssssssssssssSadsssssssssssssssssssssssssssssssssssssssssssssssssssssssssssSadsssssssssssssssssssssssssssssssssssssssssssssssssssssssssssSadsssssssssssssssssssssssssssssssssssssssssssssssssssssssssssSadsssssssssssssssssssssssssssssssssssssssssssssssssssssssssssSadsssssssssssssssssssssssssssssssssssssssssssssssssssssssssssSadsssssssssssssssssssssssssssssssssssssssssssssssssssssssssssSadsssssssssssssssssssssssssssssssssssssssssssssssssssssssssssSadsssssssssssssssssssssssssssssssssssssssssssssssssssssssssssSadsssssssssssssssssssssssssssssssssssssssssssssssssssssssssssSadsssssssssssssssssssssssssssssssssssssssssssssssssssssssssssSadsssssssssssssssssssssssssssssssssssssssssssssssssssssssssssSadsssssssssssssssssssssssssssssssssssssssssssssssssssssssssssSadsssssssssssssssssssssssssssssssssssssssssssssssssssssssssssSadsssssssssssssssssssssssssssssssssssssssssssssssssssssssssssSadsssssssssssssssssssssssssssssssssssssssssssssssssssssssssssSadsssssssssssssssssssssssssssssssssssssssssssssssssssssssssssSadsssssssssssssssssssssssssssssssssssssssssssssssssssssssssssSadsssssssssssssssssssssssssssssssssssssssssssssssssssssssssssSadsssssssssssssssssssssssssssssssssssssssssssssssssssssssssssSadsssssssssssssssssssssssssssssssssssssssssssssssssssssssssssSadsssssssssssssssssssssssssssssssssssssssssssssssssssssssssssSadsssssssssssssssssssssssssssssssssssssssssssssssssssssssssssSadsssssssssssssssssssssssssssssssssssssssssssssssssssssssssssSadsssssssssssssssssssssssssssssssssssssssssssssssssssssssssssSadsssssssssssssssssssssssssssssssssssssssssssssssssssssssssssSadsssssssssssssssssssssssssssssssssssssssssssssssssssssssssssSadsssssssssssssssssssssssssssssssssssssssssssssssssssssssssssSadsssssssssssssssssssssssssssssssssssssssssssssssssssssssssssSadsssssssssssssssssssssssssssssssssssssssssssssssssssssssssssSadsssssssssssssssssssssssssssssssssssssssssssssssssssssssssssSadsssssssssssssssssssssssssssssssssssssssssssssssssssssssssssSadsssssssssssssssssssssssssssssssssssssssssssssssssssssssssssSadsssssssssssssssssssssssssssssssssssssssssssssssssssssssssssSadsssssssssssssssssssssssssssssssssssssssssssssssssssssssssssSadsssssssssssssssssssssssssssssssssssssssssssssssssssssssssssSadsssssssssssssssssssssssssssssssssssssssssssssssssssssssssssSadsssssssssssssssssssssssssssssssssssssssssssssssssssssssssssSadsssssssssssssssssssssssssssssssssssssssssssssssssssssssssssSadsssssssssssssssssssssssssssssssssssssssssssssssssssssssssssSadsssssssssssssssssssssssssssssssssssssssssssssssssssssssssssSadsssssssssssssssssssssssssssssssssssssssssssssssssssssssssssSadsssssssssssssssssssssssssssssssssssssssssssssssssssssssssssSadsssssssssssssssssssssssssssssssssssssssssssssssssssssssssssSadsssssssssssssssssssssssssssssssssssssssssssssssssssssssssssSadsssssssssssssssssssssssssssssssssssssssssssssssssssssssssssSadsssssssssssssssssssssssssssssssssssssssssssssssssssssssssssSadsssssssssssssssssssssssssssssssssssssssssssssssssssssssssssSadsssssssssssssssssssssssssssssssssssssssssssssssssssssssssssSadsssssssssssssssssssssssssssssssssssssssssssssssssssssssssssSadsssssssssssssssssssssssssssssssssssssssssssssssssssssssssssSadsssssssssssssssssssssssssssssssssssssssssssssssssssssssssssSadsssssssssssssssssssssssssssssssssssssssssssssssssssssssssssSadsssssssssssssssssssssssssssssssssssssssssssssssssssssssssssSadsssssssssssssssssssssssssssssssssssssssssssssssssssssssssssSadsssssssssssssssssssssssssssssssssssssssssssssssssssssssssssSadsssssssssssssssssssssssssssssssssssssssssssssssssssssssssssSadsssssssssssssssssssssssssssssssssssssssssssssssssssssssssssSadsssssssssssssssssssssssssssssssssssssssssssssssssssssssssssSadsssssssssssssssssssssssssssssssssssssssssssssssssssssssssssSadsssssssssssssssssssssssssssssssssssssssssssssssssssssssssssSadsssssssssssssssssssssssssssssssssssssssssssssssssssssssssssSadsssssssssssssssssssssssssssssssssssssssssssssssssssssssssssSadsssssssssssssssssssssssssssssssssssssssssssssssssssssssssssSadsssssssssssssssssssssssssssssssssssssssssssssssssssssssssssSadsssssssssssssssssssssssssssssssssssssssssssssssssssssssssssSadsssssssssssssssssssssssssssssssssssssssssssssssssssssssssssSadsssssssssssssssssssssssssssssssssssssssssssssssssssssssssssSadsssssssssssssssssssssssssssssssssssssssssssssssssssssssssssSadsssssssssssssssssssssssssssssssssssssssssssssssssssssssssssSadsssssssssssssssssssssssssssssssssssssssssssssssssssssssssssSadsssssssssssssssssssssssssssssssssssssssssssssssssssssssssssSadsssssssssssssssssssssssssssssssssssssssssssssssssssssssssssSadsssssssssssssssssssssssssssssssssssssssssssssssssssssssssssSadsssssssssssssssssssssssssssssssssssssssssssssssssssssssssssS','2017-11-07 13:06:20','2017-11-07 13:07:19'),(33,8,263,'adsssssssssssssssssssssssssssssssssssssssssssssssssssssssssssSadsssssssssssssssssssssssssssssssssssssssssssssssssssssssssssSadsssssssssssssssssssssssssssssssssssssssssssssssssssssssssssSadsssssssssssssssssssssssssssssssssssssssssssssssssssssssssssSadsssssssssssssssssssssssssssssssssssssssssssssssssssssssssssSadsssssssssssssssssssssssssssssssssssssssssssssssssssssssssssSadsssssssssssssssssssssssssssssssssssssssssssssssssssssssssssSadsssssssssssssssssssssssssssssssssssssssssssssssssssssssssssSadsssssssssssssssssssssssssssssssssssssssssssssssssssssssssssSadsssssssssssssssssssssssssssssssssssssssssssssssssssssssssssSadsssssssssssssssssssssssssssssssssssssssssssssssssssssssssssSadsssssssssssssssssssssssssssssssssssssssssssssssssssssssssssSadsssssssssssssssssssssssssssssssssssssssssssssssssssssssssssSadsssssssssssssssssssssssssssssssssssssssssssssssssssssssssssSadsssssssssssssssssssssssssssssssssssssssssssssssssssssssssssSadsssssssssssssssssssssssssssssssssssssssssssssssssssssssssssSadsssssssssssssssssssssssssssssssssssssssssssssssssssssssssssSadsssssssssssssssssssssssssssssssssssssssssssssssssssssssssssSadsssssssssssssssssssssssssssssssssssssssssssssssssssssssssssSadsssssssssssssssssssssssssssssssssssssssssssssssssssssssssssSadsssssssssssssssssssssssssssssssssssssssssssssssssssssssssssSadsssssssssssssssssssssssssssssssssssssssssssssssssssssssssssSadsssssssssssssssssssssssssssssssssssssssssssssssssssssssssssSadsssssssssssssssssssssssssssssssssssssssssssssssssssssssssssSadsssssssssssssssssssssssssssssssssssssssssssssssssssssssssssSadsssssssssssssssssssssssssssssssssssssssssssssssssssssssssssSadsssssssssssssssssssssssssssssssssssssssssssssssssssssssssssSadsssssssssssssssssssssssssssssssssssssssssssssssssssssssssssSadsssssssssssssssssssssssssssssssssssssssssssssssssssssssssssSadsssssssssssssssssssssssssssssssssssssssssssssssssssssssssssSadsssssssssssssssssssssssssssssssssssssssssssssssssssssssssssSadsssssssssssssssssssssssssssssssssssssssssssssssssssssssssssSadsssssssssssssssssssssssssssssssssssssssssssssssssssssssssssSadsssssssssssssssssssssssssssssssssssssssssssssssssssssssssssSadsssssssssssssssssssssssssssssssssssssssssssssssssssssssssssSadsssssssssssssssssssssssssssssssssssssssssssssssssssssssssssSadsssssssssssssssssssssssssssssssssssssssssssssssssssssssssssSadsssssssssssssssssssssssssssssssssssssssssssssssssssssssssssSadsssssssssssssssssssssssssssssssssssssssssssssssssssssssssssSadsssssssssssssssssssssssssssssssssssssssssssssssssssssssssssSadsssssssssssssssssssssssssssssssssssssssssssssssssssssssssssSadsssssssssssssssssssssssssssssssssssssssssssssssssssssssssssSadsssssssssssssssssssssssssssssssssssssssssssssssssssssssssssSadsssssssssssssssssssssssssssssssssssssssssssssssssssssssssssSadsssssssssssssssssssssssssssssssssssssssssssssssssssssssssssSadsssssssssssssssssssssssssssssssssssssssssssssssssssssssssssSadsssssssssssssssssssssssssssssssssssssssssssssssssssssssssssSadsssssssssssssssssssssssssssssssssssssssssssssssssssssssssssSadsssssssssssssssssssssssssssssssssssssssssssssssssssssssssssSadsssssssssssssssssssssssssssssssssssssssssssssssssssssssssssSadsssssssssssssssssssssssssssssssssssssssssssssssssssssssssssSadsssssssssssssssssssssssssssssssssssssssssssssssssssssssssssSadsssssssssssssssssssssssssssssssssssssssssssssssssssssssssssSadsssssssssssssssssssssssssssssssssssssssssssssssssssssssssssSadsssssssssssssssssssssssssssssssssssssssssssssssssssssssssssSadsssssssssssssssssssssssssssssssssssssssssssssssssssssssssssSadsssssssssssssssssssssssssssssssssssssssssssssssssssssssssssSadsssssssssssssssssssssssssssssssssssssssssssssssssssssssssssSadsssssssssssssssssssssssssssssssssssssssssssssssssssssssssssSadsssssssssssssssssssssssssssssssssssssssssssssssssssssssssssSadsssssssssssssssssssssssssssssssssssssssssssssssssssssssssssSadsssssssssssssssssssssssssssssssssssssssssssssssssssssssssssSadsssssssssssssssssssssssssssssssssssssssssssssssssssssssssssSadsssssssssssssssssssssssssssssssssssssssssssssssssssssssssssSadsssssssssssssssssssssssssssssssssssssssssssssssssssssssssssSadsssssssssssssssssssssssssssssssssssssssssssssssssssssssssssSadsssssssssssssssssssssssssssssssssssssssssssssssssssssssssssSadsssssssssssssssssssssssssssssssssssssssssssssssssssssssssssSadsssssssssssssssssssssssssssssssssssssssssssssssssssssssssssSadsssssssssssssssssssssssssssssssssssssssssssssssssssssssssssSadsssssssssssssssssssssssssssssssssssssssssssssssssssssssssssSadsssssssssssssssssssssssssssssssssssssssssssssssssssssssssssSadsssssssssssssssssssssssssssssssssssssssssssssssssssssssssssSadsssssssssssssssssssssssssssssssssssssssssssssssssssssssssssSadsssssssssssssssssssssssssssssssssssssssssssssssssssssssssssSadsssssssssssssssssssssssssssssssssssssssssssssssssssssssssssSadsssssssssssssssssssssssssssssssssssssssssssssssssssssssssssSadsssssssssssssssssssssssssssssssssssssssssssssssssssssssssssSadsssssssssssssssssssssssssssssssssssssssssssssssssssssssssssSadsssssssssssssssssssssssssssssssssssssssssssssssssssssssssssSadsssssssssssssssssssssssssssssssssssssssssssssssssssssssssssSadsssssssssssssssssssssssssssssssssssssssssssssssssssssssssssSadsssssssssssssssssssssssssssssssssssssssssssssssssssssssssssSadsssssssssssssssssssssssssssssssssssssssssssssssssssssssssssSadsssssssssssssssssssssssssssssssssssssssssssssssssssssssssssSadsssssssssssssssssssssssssssssssssssssssssssssssssssssssssssSadsssssssssssssssssssssssssssssssssssssssssssssssssssssssssssSadsssssssssssssssssssssssssssssssssssssssssssssssssssssssssssSadsssssssssssssssssssssssssssssssssssssssssssssssssssssssssssSadsssssssssssssssssssssssssssssssssssssssssssssssssssssssssssSadsssssssssssssssssssssssssssssssssssssssssssssssssssssssssssSadsssssssssssssssssssssssssssssssssssssssssssssssssssssssssssSadsssssssssssssssssssssssssssssssssssssssssssssssssssssssssssSadsssssssssssssssssssssssssssssssssssssssssssssssssssssssssssSadsssssssssssssssssssssssssssssssssssssssssssssssssssssssssssSadsssssssssssssssssssssssssssssssssssssssssssssssssssssssssssSadsssssssssssssssssssssssssssssssssssssssssssssssssssssssssssSadsssssssssssssssssssssssssssssssssssssssssssssssssssssssssssSadsssssssssssssssssssssssssssssssssssssssssssssssssssssssssssSadsssssssssssssssssssssssssssssssssssssssssssssssssssssssssssSadsssssssssssssssssssssssssssssssssssssssssssssssssssssssssssSadsssssssssssssssssssssssssssssssssssssssssssssssssssssssssssSadsssssssssssssssssssssssssssssssssssssssssssssssssssssssssssSadsssssssssssssssssssssssssssssssssssssssssssssssssssssssssssSadsssssssssssssssssssssssssssssssssssssssssssssssssssssssssssSadsssssssssssssssssssssssssssssssssssssssssssssssssssssssssssSadsssssssssssssssssssssssssssssssssssssssssssssssssssssssssssSadsssssssssssssssssssssssssssssssssssssssssssssssssssssssssssSadsssssssssssssssssssssssssssssssssssssssssssssssssssssssssssSadsssssssssssssssssssssssssssssssssssssssssssssssssssssssssssSadsssssssssssssssssssssssssssssssssssssssssssssssssssssssssssSadsssssssssssssssssssssssssssssssssssssssssssssssssssssssssssSadsssssssssssssssssssssssssssssssssssssssssssssssssssssssssssSadsssssssssssssssssssssssssssssssssssssssssssssssssssssssssssSadsssssssssssssssssssssssssssssssssssssssssssssssssssssssssssSadsssssssssssssssssssssssssssssssssssssssssssssssssssssssssssSadsssssssssssssssssssssssssssssssssssssssssssssssssssssssssssSadsssssssssssssssssssssssssssssssssssssssssssssssssssssssssssSadsssssssssssssssssssssssssssssssssssssssssssssssssssssssssssSadsssssssssssssssssssssssssssssssssssssssssssssssssssssssssssSadsssssssssssssssssssssssssssssssssssssssssssssssssssssssssssSadsssssssssssssssssssssssssssssssssssssssssssssssssssssssssssSadsssssssssssssssssssssssssssssssssssssssssssssssssssssssssssSadsssssssssssssssssssssssssssssssssssssssssssssssssssssssssssSadsssssssssssssssssssssssssssssssssssssssssssssssssssssssssssSadsssssssssssssssssssssssssssssssssssssssssssssssssssssssssssSadsssssssssssssssssssssssssssssssssssssssssssssssssssssssssssSadsssssssssssssssssssssssssssssssssssssssssssssssssssssssssssSadsssssssssssssssssssssssssssssssssssssssssssssssssssssssssssSadsssssssssssssssssssssssssssssssssssssssssssssssssssssssssssSadsssssssssssssssssssssssssssssssssssssssssssssssssssssssssssSadsssssssssssssssssssssssssssssssssssssssssssssssssssssssssssSadsssssssssssssssssssssssssssssssssssssssssssssssssssssssssssSadsssssssssssssssssssssssssssssssssssssssssssssssssssssssssssSadsssssssssssssssssssssssssssssssssssssssssssssssssssssssssssSadsssssssssssssssssssssssssssssssssssssssssssssssssssssssssssSadsssssssssssssssssssssssssssssssssssssssssssssssssssssssssssSadsssssssssssssssssssssssssssssssssssssssssssssssssssssssssssSadsssssssssssssssssssssssssssssssssssssssssssssssssssssssssssSadsssssssssssssssssssssssssssssssssssssssssssssssssssssssssssSadsssssssssssssssssssssssssssssssssssssssssssssssssssssssssssSadsssssssssssssssssssssssssssssssssssssssssssssssssssssssssssSadsssssssssssssssssssssssssssssssssssssssssssssssssssssssssssSadsssssssssssssssssssssssssssssssssssssssssssssssssssssssssssSadsssssssssssssssssssssssssssssssssssssssssssssssssssssssssssSadsssssssssssssssssssssssssssssssssssssssssssssssssssssssssssSadsssssssssssssssssssssssssssssssssssssssssssssssssssssssssssSadsssssssssssssssssssssssssssssssssssssssssssssssssssssssssssSadsssssssssssssssssssssssssssssssssssssssssssssssssssssssssssSadsssssssssssssssssssssssssssssssssssssssssssssssssssssssssssSadsssssssssssssssssssssssssssssssssssssssssssssssssssssssssssSadsssssssssssssssssssssssssssssssssssssssssssssssssssssssssssSadsssssssssssssssssssssssssssssssssssssssssssssssssssssssssssSadsssssssssssssssssssssssssssssssssssssssssssssssssssssssssssSadsssssssssssssssssssssssssssssssssssssssssssssssssssssssssssSadsssssssssssssssssssssssssssssssssssssssssssssssssssssssssssSadsssssssssssssssssssssssssssssssssssssssssssssssssssssssssssSadsssssssssssssssssssssssssssssssssssssssssssssssssssssssssssSadsssssssssssssssssssssssssssssssssssssssssssssssssssssssssssSadsssssssssssssssssssssssssssssssssssssssssssssssssssssssssssSadsssssssssssssssssssssssssssssssssssssssssssssssssssssssssssSadsssssssssssssssssssssssssssssssssssssssssssssssssssssssssssS','2017-11-07 13:06:20','2017-11-07 13:07:19'),(34,6,261,'\r\nLorem ipsum dolor sit amet, consectetur adipiscing elit. Nam ultricies ornare nisi, nec feugiat dolor ornare vel. Morbi magna augue, tempor sed metus quis, pretium iaculis orci. Sed nec ultricies eros, at accumsan lectus. Proin pulvinar semper magna sed lobortis. Ut commodo quis magna ac feugiat. Quisque eget ex leo. Phasellus congue sollicitudin nisl, in hendrerit magna. Sed a lectus in augue consequat ornare. Integer finibus lectus erat, quis rutrum mi egestas sed. Sed gravida, ante vitae semper pharetra, neque justo eleifend risus, ornare suscipit eros nulla et nibh. Ut laoreet purus dui, id dictum nunc fermentum ac. Ut vel arcu tincidunt, posuere diam nec, fermentum diam. Suspendisse iaculis elit id mauris dignissim, a convallis metus feugiat.\r\n\r\nNam leo tellus, ullamcorper eget est in, interdum volutpat lacus. Donec augue mi, pharetra id v','2017-11-07 14:48:57','2017-11-07 14:49:16'),(35,6,262,'\r\nLorem ipsum dolor sit amet, consectetur adipiscing elit. Nam ultricies ornare nisi, nec feugiat dolor ornare vel. Morbi magna augue, tempor sed metus quis, pretium iaculis orci. Sed nec ultricies eros, at accumsan lectus. Proin pulvinar semper magna sed lobortis. Ut commodo quis magna ac feugiat. Quisque eget ex leo. Phasellus congue sollicitudin nisl, in hendrerit magna. Sed a lectus in augue consequat ornare. Integer finibus lectus erat, quis rutrum mi egestas sed. Sed gravida, ante vitae semper pharetra, neque justo eleifend risus, ornare suscipit eros nulla et nibh. Ut laoreet purus dui, id dictum nunc fermentum ac. Ut vel arcu tincidunt, posuere diam nec, fermentum diam. Suspendisse iaculis elit id mauris dignissim, a convallis metus feugiat.\r\n\r\nNam leo tellus, ullamcorper eget est in, interdum volutpat lacus. Donec augue mi, pharetra id v','2017-11-07 14:48:57','2017-11-07 14:49:16'),(36,6,263,'\r\nLorem ipsum dolor sit amet, consectetur adipiscing elit. Nam ultricies ornare nisi, nec feugiat dolor ornare vel. Morbi magna augue, tempor sed metus quis, pretium iaculis orci. Sed nec ultricies eros, at accumsan lectus. Proin pulvinar semper magna sed lobortis. Ut commodo quis magna ac feugiat. Quisque eget ex leo. Phasellus congue sollicitudin nisl, in hendrerit magna. Sed a lectus in augue consequat ornare. Integer finibus lectus erat, quis rutrum mi egestas sed. Sed gravida, ante vitae semper pharetra, neque justo eleifend risus, ornare suscipit eros nulla et nibh. Ut laoreet purus dui, id dictum nunc fermentum ac. Ut vel arcu tincidunt, posuere diam nec, fermentum diam. Suspendisse iaculis elit id mauris dignissim, a convallis metus feugiat.\r\n\r\nNam leo tellus, ullamcorper eget est in, interdum volutpat lacus. Donec augue mi, pharetra id v','2017-11-07 14:48:57','2017-11-07 14:49:16'),(37,6,264,'Lorem ipsum dolor sit amet, consectetur adipiscing elit. Nam ultricies ornare nisi, nec feugiat dolor ornare vel. Morbi magna augue, tempor sed metus quis, pretium iaculis orci. Sed nec ultricies eros, at accumsan lectus. Proin pulvinar semper magna sed lobortis. Ut commodo quis magna ac feugiat. Quisque eget ex leo. Phasellus congue sollicitudin nisl, in hendrerit magna. Sed a lectus in augue consequat ornare. Integer finibus lectus erat, quis rutrum mi egestas sed. Sed gravida, ante vitae semper pharetra, neque justo eleifend risus, ornare suscipit eros nulla et nibh. Ut laoreet purus dui, id dictum nunc fermentum ac. Ut vel arcu tincidunt, posuere diam nec, fermentum diam. Suspendisse iaculis elit id mauris dignissim, a convallis metus feugiat.\r\n\r\nNam leo tellus, ullamcorper eget est in, interdum volutpat lacus. Donec augue mi, pharetra id v','0000-00-00 00:00:00','0000-00-00 00:00:00');

/*Table structure for table `applicant_manchester` */

DROP TABLE IF EXISTS `applicant_manchester`;

CREATE TABLE `applicant_manchester` (
  `mpe_id` int(11) NOT NULL AUTO_INCREMENT,
  `app_id` int(11) NOT NULL,
  `factor` varchar(15) NOT NULL,
  `score` int(11) NOT NULL,
  `remarks` varchar(25) DEFAULT NULL,
  `start` datetime NOT NULL,
  `end` datetime NOT NULL,
  PRIMARY KEY (`mpe_id`),
  KEY `mpe_id` (`mpe_id`,`app_id`),
  KEY `app_id` (`app_id`),
  CONSTRAINT `applicant_manchester_ibfk_1` FOREIGN KEY (`app_id`) REFERENCES `applicantinfo` (`app_id`) ON DELETE NO ACTION ON UPDATE CASCADE
) ENGINE=InnoDB AUTO_INCREMENT=51 DEFAULT CHARSET=latin1;

/*Data for the table `applicant_manchester` */

insert  into `applicant_manchester`(`mpe_id`,`app_id`,`factor`,`score`,`remarks`,`start`,`end`) values (1,13,'Creativity',5,'Average','2017-11-07 10:29:48','2017-11-07 10:46:23'),(2,13,'Agreeableness',3,'Below Average','2017-11-07 10:29:48','2017-11-07 10:46:23'),(3,13,'Achievement',2,'Low','2017-11-07 10:29:48','2017-11-07 10:46:23'),(4,13,'Extroversion',8,'Low','2017-11-07 10:29:48','2017-11-07 10:46:23'),(5,13,'Resilience',5,'Average','2017-11-07 10:29:48','2017-11-07 10:46:23'),(6,2,'Creativity',5,'Average','2017-11-07 10:35:53','2017-11-07 10:37:17'),(7,2,'Agreeableness',3,'Below Average','2017-11-07 10:35:53','2017-11-07 10:37:17'),(8,2,'Achievement',3,'Below Average','2017-11-07 10:35:53','2017-11-07 10:37:17'),(9,2,'Extroversion',6,'High Average','2017-11-07 10:35:53','2017-11-07 10:37:17'),(10,2,'Resilience',4,'Low Average','2017-11-07 10:35:53','2017-11-07 10:37:17'),(11,9,'Creativity',4,'Low Average','2017-11-07 10:42:25','2017-11-07 10:42:50'),(12,9,'Agreeableness',3,'Below Average','2017-11-07 10:42:25','2017-11-07 10:42:50'),(13,9,'Achievement',3,'Below Average','2017-11-07 10:42:25','2017-11-07 10:42:50'),(14,9,'Extroversion',6,'High Average','2017-11-07 10:42:25','2017-11-07 10:42:50'),(15,9,'Resilience',5,'Average','2017-11-07 10:42:25','2017-11-07 10:42:50'),(16,7,'Creativity',5,'Average','2017-11-07 10:46:24','2017-11-07 10:48:08'),(17,7,'Agreeableness',3,'Below Average','2017-11-07 10:46:24','2017-11-07 10:48:08'),(18,7,'Achievement',3,'Below Average','2017-11-07 10:46:24','2017-11-07 10:48:08'),(19,7,'Extroversion',6,'High Average','2017-11-07 10:46:24','2017-11-07 10:48:08'),(20,7,'Resilience',5,'Average','2017-11-07 10:46:24','2017-11-07 10:48:08'),(21,11,'Creativity',6,'High Average','2017-11-07 10:47:49','2017-11-07 10:54:11'),(22,11,'Agreeableness',2,'Low','2017-11-07 10:47:49','2017-11-07 10:54:11'),(23,11,'Achievement',1,'Very Low','2017-11-07 10:47:49','2017-11-07 10:54:11'),(24,11,'Extroversion',7,'Above Average','2017-11-07 10:47:49','2017-11-07 10:54:11'),(25,11,'Resilience',4,'Low Average','2017-11-07 10:47:49','2017-11-07 10:54:11'),(26,3,'Creativity',5,'Average','2017-11-07 11:02:32','2017-11-07 11:04:14'),(27,3,'Agreeableness',3,'Below Average','2017-11-07 11:02:32','2017-11-07 11:04:14'),(28,3,'Achievement',2,'Low','2017-11-07 11:02:32','2017-11-07 11:04:14'),(29,3,'Extroversion',5,'Average','2017-11-07 11:02:32','2017-11-07 11:04:14'),(30,3,'Resilience',7,'Above Average','2017-11-07 11:02:32','2017-11-07 11:04:14'),(31,20,'Creativity',5,'Average','2017-11-07 11:14:23','2017-11-07 11:25:04'),(32,20,'Agreeableness',9,'Very Superior','2017-11-07 11:14:23','2017-11-07 11:25:04'),(33,20,'Achievement',8,'Very Superior','2017-11-07 11:14:23','2017-11-07 11:25:04'),(34,20,'Extroversion',3,'Below Average','2017-11-07 11:14:23','2017-11-07 11:25:04'),(35,20,'Resilience',6,'High Average','2017-11-07 11:14:23','2017-11-07 11:25:04'),(36,4,'Creativity',5,'Average','2017-11-07 11:20:48','2017-11-07 11:21:38'),(37,4,'Agreeableness',3,'Below Average','2017-11-07 11:20:48','2017-11-07 11:21:38'),(38,4,'Achievement',3,'Below Average','2017-11-07 11:20:48','2017-11-07 11:21:38'),(39,4,'Extroversion',6,'High Average','2017-11-07 11:20:48','2017-11-07 11:21:38'),(40,4,'Resilience',5,'Average','2017-11-07 11:20:48','2017-11-07 11:21:38'),(41,8,'Creativity',5,'Average','2017-11-07 13:05:11','2017-11-07 13:06:18'),(42,8,'Agreeableness',3,'Below Average','2017-11-07 13:05:11','2017-11-07 13:06:18'),(43,8,'Achievement',3,'Below Average','2017-11-07 13:05:11','2017-11-07 13:06:18'),(44,8,'Extroversion',6,'High Average','2017-11-07 13:05:11','2017-11-07 13:06:18'),(45,8,'Resilience',5,'Average','2017-11-07 13:05:11','2017-11-07 13:06:18'),(46,6,'Creativity',5,'Average','2017-11-07 14:48:19','2017-11-07 14:48:56'),(47,6,'Agreeableness',3,'Below Average','2017-11-07 14:48:19','2017-11-07 14:48:56'),(48,6,'Achievement',3,'Below Average','2017-11-07 14:48:19','2017-11-07 14:48:56'),(49,6,'Extroversion',6,'High Average','2017-11-07 14:48:19','2017-11-07 14:48:56'),(50,6,'Resilience',5,'Average','2017-11-07 14:48:19','2017-11-07 14:48:56');

/*Table structure for table `applicant_technical` */

DROP TABLE IF EXISTS `applicant_technical`;

CREATE TABLE `applicant_technical` (
  `appscore_id` int(11) NOT NULL AUTO_INCREMENT,
  `app_id` int(11) NOT NULL,
  `examtype_id` int(11) NOT NULL,
  `score` int(11) DEFAULT NULL,
  `remarks` varchar(25) DEFAULT NULL,
  `datestarted` datetime NOT NULL,
  `dateended` datetime DEFAULT NULL,
  PRIMARY KEY (`appscore_id`),
  KEY `appscore_id` (`appscore_id`),
  KEY `app_id` (`app_id`),
  KEY `examtype_id` (`examtype_id`),
  CONSTRAINT `applicant_technical_ibfk_1` FOREIGN KEY (`app_id`) REFERENCES `applicantinfo` (`app_id`) ON DELETE NO ACTION ON UPDATE NO ACTION,
  CONSTRAINT `applicant_technical_ibfk_2` FOREIGN KEY (`examtype_id`) REFERENCES `exam_type` (`examtype_id`) ON DELETE NO ACTION ON UPDATE NO ACTION
) ENGINE=InnoDB AUTO_INCREMENT=54 DEFAULT CHARSET=latin1;

/*Data for the table `applicant_technical` */

insert  into `applicant_technical`(`appscore_id`,`app_id`,`examtype_id`,`score`,`remarks`,`datestarted`,`dateended`) values (1,13,1,8,'Low','2017-11-07 10:21:48','2017-11-07 10:23:24'),(2,13,2,8,'Low','2017-11-07 10:23:25','2017-11-07 10:24:56'),(3,13,3,7,'Low','2017-11-07 10:24:57','2017-11-07 10:27:00'),(4,2,1,7,'Low','2017-11-07 10:25:41','2017-11-07 10:27:49'),(5,13,4,4,'Low','2017-11-07 10:27:02','2017-11-07 10:28:19'),(6,2,2,4,'Low','2017-11-07 10:27:51','2017-11-07 10:29:26'),(7,13,5,15,'Below Average','2017-11-07 10:28:21','2017-11-07 10:29:47'),(8,2,3,6,'Low','2017-11-07 10:29:28','2017-11-07 10:31:20'),(9,20,1,20,'Below Average','2017-11-07 10:31:11','2017-11-07 10:38:40'),(10,2,4,6,'Low','2017-11-07 10:31:21','2017-11-07 10:32:45'),(11,2,5,13,'Below Average','2017-11-07 10:32:47','2017-11-07 10:35:52'),(12,7,1,7,'Low','2017-11-07 10:36:31','2017-11-07 10:37:27'),(13,1,1,10,'Below Average','2017-11-07 10:36:59','2017-11-07 10:39:34'),(14,7,2,4,'Low','2017-11-07 10:37:28','2017-11-07 10:38:18'),(15,11,1,9,'Low','2017-11-07 10:37:29','2017-11-07 10:41:24'),(16,7,3,6,'Low','2017-11-07 10:38:19','2017-11-07 10:38:55'),(17,20,2,5,'Low','2017-11-07 10:38:41','2017-11-07 10:51:17'),(18,7,4,6,'Low','2017-11-07 10:38:56','2017-11-07 10:44:38'),(19,1,2,3,'Very Low','2017-11-07 10:39:35','2017-11-07 10:40:42'),(20,9,1,6,'Low','2017-11-07 10:40:21','2017-11-07 10:40:39'),(21,9,2,4,'Low','2017-11-07 10:40:40','2017-11-07 10:41:10'),(22,1,3,NULL,NULL,'2017-11-07 10:40:43',NULL),(23,9,3,6,'Low','2017-11-07 10:41:11','2017-11-07 10:41:23'),(24,9,4,6,'Low','2017-11-07 10:41:24','2017-11-07 10:41:53'),(25,11,2,4,'Low','2017-11-07 10:41:25','2017-11-07 10:42:43'),(26,9,5,13,'Below Average','2017-11-07 10:41:54','2017-11-07 10:42:24'),(27,11,3,6,'Low','2017-11-07 10:42:44','2017-11-07 10:44:39'),(28,7,5,12,'Below Average','2017-11-07 10:44:39','2017-11-07 10:46:23'),(29,11,4,7,'Low','2017-11-07 10:44:40','2017-11-07 10:45:53'),(30,11,5,15,'Below Average','2017-11-07 10:45:54','2017-11-07 10:47:47'),(31,20,3,6,'Low','2017-11-07 10:51:19','2017-11-07 10:56:09'),(32,20,4,15,'Below Average','2017-11-07 10:56:10','2017-11-07 11:02:13'),(33,3,1,7,'Low','2017-11-07 10:58:18','2017-11-07 10:59:34'),(34,3,2,4,'Low','2017-11-07 10:59:35','2017-11-07 11:00:54'),(35,3,3,6,'Low','2017-11-07 11:00:55','2017-11-07 11:01:29'),(36,3,4,7,'Low','2017-11-07 11:01:30','2017-11-07 11:02:02'),(37,3,5,13,'Below Average','2017-11-07 11:02:03','2017-11-07 11:02:31'),(38,20,5,44,'Average','2017-11-07 11:02:14','2017-11-07 11:14:22'),(39,8,1,7,'Low','2017-11-07 11:14:23','2017-11-07 11:15:39'),(40,8,2,4,'Low','2017-11-07 11:15:41','2017-11-07 13:02:11'),(41,4,1,7,'Low','2017-11-07 11:16:46','2017-11-07 11:17:08'),(42,4,2,4,'Low','2017-11-07 11:17:09','2017-11-07 11:18:27'),(43,4,3,6,'Low','2017-11-07 11:18:28','2017-11-07 11:18:51'),(44,4,4,5,'Low','2017-11-07 11:18:52','2017-11-07 11:19:37'),(45,4,5,13,'Below Average','2017-11-07 11:19:38','2017-11-07 11:20:47'),(46,8,3,6,'Low','2017-11-07 13:02:12','2017-11-07 13:02:28'),(47,8,4,6,'Low','2017-11-07 13:02:30','2017-11-07 13:03:37'),(48,8,5,13,'Below Average','2017-11-07 13:03:39','2017-11-07 13:05:09'),(49,6,1,7,'Low','2017-11-07 14:43:35','2017-11-07 14:44:24'),(50,6,2,4,'Low','2017-11-07 14:44:25','2017-11-07 14:46:06'),(51,6,3,6,'Low','2017-11-07 14:46:07','2017-11-07 14:46:33'),(52,6,4,6,'Low','2017-11-07 14:46:35','2017-11-07 14:47:05'),(53,6,5,13,'Below Average','2017-11-07 14:47:06','2017-11-07 14:48:18');

/*Table structure for table `applicantinfo` */

DROP TABLE IF EXISTS `applicantinfo`;

CREATE TABLE `applicantinfo` (
  `app_id` int(11) NOT NULL AUTO_INCREMENT,
  `lname` varchar(50) NOT NULL,
  `fname` varchar(50) NOT NULL,
  `mname` varchar(50) DEFAULT NULL,
  `birthdate` date NOT NULL,
  `address` varchar(200) NOT NULL,
  `telephone` varchar(10) NOT NULL,
  `mobile` varchar(15) NOT NULL,
  `email` varchar(50) DEFAULT NULL,
  `objectives` varchar(250) DEFAULT NULL,
  `idpic` varchar(250) DEFAULT NULL,
  `profile` varchar(250) DEFAULT NULL,
  `resume` varchar(250) DEFAULT NULL,
  PRIMARY KEY (`app_id`),
  UNIQUE KEY `email` (`email`),
  UNIQUE KEY `email_2` (`email`)
) ENGINE=InnoDB AUTO_INCREMENT=24 DEFAULT CHARSET=latin1;

/*Data for the table `applicantinfo` */

insert  into `applicantinfo`(`app_id`,`lname`,`fname`,`mname`,`birthdate`,`address`,`telephone`,`mobile`,`email`,`objectives`,`idpic`,`profile`,`resume`) values (1,'Questronix','1','QPS','1990-10-10','Philippines','822-0922','822-0922','qps1@mailinator.com',NULL,NULL,NULL,NULL),(2,'Questronix','2','QPS','1990-10-10','Philippines','822-0922','822-0922','qps2@mailinator.com',NULL,NULL,NULL,NULL),(3,'Questronix','3','QPS','1990-10-10','Philippines','822-0922','822-0922','qps3mailinator.com',NULL,NULL,NULL,NULL),(4,'Questronix','4','QPS','1990-10-10','Philippines','822-0922','822-0922','qps4@mailinator.com',NULL,NULL,NULL,NULL),(5,'Questronix','5','QPS','1990-10-10','Philippines','822-0922','822-0922','qps5@mailinator.com',NULL,NULL,NULL,NULL),(6,'Questronix','6','QPS','1990-10-10','Philippines','822-0922','822-0922','qps6@mailinator.com',NULL,NULL,NULL,NULL),(7,'Questronix','7','QPS','1990-10-10','Philippines','822-0922','822-0922','qps7@mailinator.com',NULL,NULL,NULL,NULL),(8,'Questronix','8','QPS','1990-10-10','Philippines','822-0922','822-0922','qps8@mailinator.com',NULL,NULL,NULL,NULL),(9,'Questronix','9','QPS','1990-10-10','Philippines','822-0922','822-0922','qps9@mailinator.com',NULL,NULL,NULL,NULL),(10,'Questronix','10','QPS','1990-10-10','Philippines','822-0922','822-0922','qps10@mailinator.com',NULL,NULL,NULL,NULL),(11,'Questronix','11','QPS','1990-10-10','Philippines','822-0922','822-0922','qps11@mailinator.com',NULL,NULL,NULL,NULL),(12,'Questronix','12','QPS','1990-10-10','Philippines','822-0922','822-0922','qps12@mailinator.com',NULL,NULL,NULL,NULL),(13,'Questronix','13','QPS','1990-10-10','Philippines','822-0922','822-0922','qps13@mailinator.com',NULL,NULL,NULL,NULL),(14,'Questronix','14','QPS','1990-10-10','Philippines','822-0922','822-0922','qps14@mailinator.com',NULL,NULL,NULL,NULL),(15,'Questronix','15','QPS','1990-10-10','Philippines','822-0922','822-0922','qps15@mailinator.com',NULL,NULL,NULL,NULL),(16,'Questronix','16','QPS','1990-10-10','Philippines','822-0922','822-0922','qps16@mailinator.com',NULL,NULL,NULL,NULL),(17,'Questronix','17','QPS','1990-10-10','Philippines','822-0922','822-0922','qps17@mailinator.com',NULL,NULL,NULL,NULL),(18,'Questronix','18','QPS','1990-10-10','Philippines','822-0922','822-0922','qps18@mailinator.com',NULL,NULL,NULL,NULL),(19,'Questronix','19','QPS','1990-10-10','Philippines','822-0922','822-0922','qps19@mailinator.com',NULL,NULL,NULL,NULL),(20,'Questronix','20','QPS','1990-10-10','Philippines','822-0922','822-0922','qps20@mailinator.com',NULL,NULL,NULL,NULL),(21,'Questronix','21','QPS','1990-10-10','Philippines','822-0922','822-0922','qps21@mailinator.com',NULL,NULL,NULL,NULL),(22,'Questronix','22','QPS','1990-10-10','Philippines','822-0922','822-0922','qps22@mailinator.com',NULL,NULL,NULL,NULL),(23,'Questronix','23','QPS','1990-10-10','Philippines','822-0922','822-0922','qps23@mailinator.com',NULL,NULL,NULL,NULL);

/*Table structure for table `applicantlogin` */

DROP TABLE IF EXISTS `applicantlogin`;

CREATE TABLE `applicantlogin` (
  `app_id` int(11) NOT NULL,
  `email` varchar(50) NOT NULL,
  `password` varchar(166) NOT NULL,
  `authenticator` varchar(166) DEFAULT NULL,
  `activated` tinyint(1) DEFAULT NULL,
  PRIMARY KEY (`app_id`),
  CONSTRAINT `applicantlogin_ibfk_1` FOREIGN KEY (`app_id`) REFERENCES `applicantinfo` (`app_id`) ON DELETE CASCADE
) ENGINE=InnoDB DEFAULT CHARSET=latin1;

/*Data for the table `applicantlogin` */

insert  into `applicantlogin`(`app_id`,`email`,`password`,`authenticator`,`activated`) values (1,'qps1@mailinator.com','questronix',NULL,NULL),(2,'qps2@mailinator.com','questronix',NULL,NULL),(3,'qps3@mailinator.com','questronix',NULL,NULL),(4,'qps4@mailinator.com','questronix',NULL,NULL),(5,'qps5@mailinator.com','questronix',NULL,NULL),(6,'qps6@mailinator.com','questronix',NULL,NULL),(7,'qps7@mailinator.com','questronix',NULL,NULL),(8,'qps8@mailinator.com','questronix',NULL,NULL),(9,'qps9@mailinator.com','questronix',NULL,NULL),(10,'qps10@mailinator.com','questronix',NULL,NULL),(11,'qps11@mailinator.com','questronix',NULL,NULL),(12,'qps12@mailinator.com','questronix',NULL,NULL),(13,'qps13@mailinator.com','questronix',NULL,NULL),(14,'qps14@mailinator.com','questronix',NULL,NULL),(15,'qps15@mailinator.com','questronix',NULL,NULL),(16,'qps16@mailinator.com','questronix',NULL,NULL),(17,'qps17@mailinator.com','questronix',NULL,NULL),(18,'qps18@mailinator.com','questronix',NULL,NULL),(19,'qps19@mailinator.com','questronix',NULL,NULL),(20,'qps20@mailinator.com','questronix',NULL,NULL),(21,'qps21@mailinator.com','questronix',NULL,NULL),(22,'qps22@mailinator.com','questronix',NULL,NULL),(23,'qps23@mailinator.com','questronix',NULL,NULL);

/*Table structure for table `applicantorg` */

DROP TABLE IF EXISTS `applicantorg`;

CREATE TABLE `applicantorg` (
  `org_id` int(11) NOT NULL AUTO_INCREMENT,
  `app_id` int(11) NOT NULL,
  `organization` varchar(100) DEFAULT NULL,
  PRIMARY KEY (`org_id`),
  KEY `app_id` (`app_id`),
  CONSTRAINT `applicantorg_ibfk_1` FOREIGN KEY (`app_id`) REFERENCES `applicantinfo` (`app_id`) ON DELETE CASCADE
) ENGINE=InnoDB DEFAULT CHARSET=latin1;

/*Data for the table `applicantorg` */

/*Table structure for table `applicantsecondary` */

DROP TABLE IF EXISTS `applicantsecondary`;

CREATE TABLE `applicantsecondary` (
  `educ_id` int(11) NOT NULL AUTO_INCREMENT,
  `app_id` int(11) NOT NULL,
  `secondary` varchar(100) DEFAULT NULL,
  `secondarygrad` varchar(14) DEFAULT NULL,
  PRIMARY KEY (`educ_id`),
  KEY `app_id` (`app_id`),
  CONSTRAINT `applicantsecondary_ibfk_1` FOREIGN KEY (`app_id`) REFERENCES `applicantinfo` (`app_id`) ON DELETE CASCADE
) ENGINE=InnoDB DEFAULT CHARSET=latin1;

/*Data for the table `applicantsecondary` */

/*Table structure for table `applicantseminar` */

DROP TABLE IF EXISTS `applicantseminar`;

CREATE TABLE `applicantseminar` (
  `sem_id` int(11) NOT NULL AUTO_INCREMENT,
  `app_id` int(11) NOT NULL,
  `title` varchar(100) DEFAULT NULL,
  `speaker` varchar(50) DEFAULT NULL,
  `company` varchar(50) DEFAULT NULL,
  `location` varchar(50) DEFAULT NULL,
  `date` varchar(7) DEFAULT NULL,
  PRIMARY KEY (`sem_id`),
  KEY `app_id` (`app_id`),
  CONSTRAINT `applicantseminar_ibfk_1` FOREIGN KEY (`app_id`) REFERENCES `applicantinfo` (`app_id`) ON DELETE CASCADE
) ENGINE=InnoDB DEFAULT CHARSET=latin1;

/*Data for the table `applicantseminar` */

/*Table structure for table `applicanttertiary` */

DROP TABLE IF EXISTS `applicanttertiary`;

CREATE TABLE `applicanttertiary` (
  `tertiary_id` int(11) NOT NULL AUTO_INCREMENT,
  `app_id` int(11) NOT NULL,
  `degree` varchar(50) DEFAULT NULL,
  `tertiary` varchar(50) DEFAULT NULL,
  `yeargraduated` varchar(14) DEFAULT NULL,
  PRIMARY KEY (`tertiary_id`),
  KEY `app_id` (`app_id`),
  CONSTRAINT `applicanttertiary_ibfk_1` FOREIGN KEY (`app_id`) REFERENCES `applicantinfo` (`app_id`) ON DELETE CASCADE
) ENGINE=InnoDB DEFAULT CHARSET=latin1;

/*Data for the table `applicanttertiary` */

/*Table structure for table `applicanttraining` */

DROP TABLE IF EXISTS `applicanttraining`;

CREATE TABLE `applicanttraining` (
  `train_id` int(11) NOT NULL AUTO_INCREMENT,
  `app_id` int(11) NOT NULL,
  `topic` varchar(50) DEFAULT NULL,
  `instructor` varchar(50) DEFAULT NULL,
  `location` varchar(250) DEFAULT NULL,
  PRIMARY KEY (`train_id`),
  KEY `app_id` (`app_id`),
  CONSTRAINT `applicanttraining_ibfk_1` FOREIGN KEY (`app_id`) REFERENCES `applicantinfo` (`app_id`) ON DELETE CASCADE
) ENGINE=InnoDB DEFAULT CHARSET=latin1;

/*Data for the table `applicanttraining` */

/*Table structure for table `applicantwork` */

DROP TABLE IF EXISTS `applicantwork`;

CREATE TABLE `applicantwork` (
  `work_id` int(11) NOT NULL AUTO_INCREMENT,
  `app_id` int(11) NOT NULL,
  `position` varchar(50) DEFAULT NULL,
  `company` varchar(50) DEFAULT NULL,
  `achievement` varchar(250) DEFAULT NULL,
  `supervisor` varchar(100) DEFAULT NULL,
  `contact` varchar(50) DEFAULT NULL,
  PRIMARY KEY (`work_id`),
  KEY `app_id` (`app_id`),
  CONSTRAINT `applicantwork_ibfk_1` FOREIGN KEY (`app_id`) REFERENCES `applicantinfo` (`app_id`) ON DELETE CASCADE
) ENGINE=InnoDB DEFAULT CHARSET=latin1;

/*Data for the table `applicantwork` */

/*Table structure for table `employee` */

DROP TABLE IF EXISTS `employee`;

CREATE TABLE `employee` (
  `employee_id` int(11) NOT NULL AUTO_INCREMENT,
  `lname` varchar(30) NOT NULL,
  `fname` varchar(30) NOT NULL,
  `mname` varchar(30) NOT NULL,
  `email` varchar(50) NOT NULL,
  `password` varchar(255) NOT NULL,
  PRIMARY KEY (`employee_id`)
) ENGINE=InnoDB AUTO_INCREMENT=24 DEFAULT CHARSET=latin1;

/*Data for the table `employee` */

insert  into `employee`(`employee_id`,`lname`,`fname`,`mname`,`email`,`password`) values (1,'Questronix','1','QPS','qpshr1@mailinator.com','questronix'),(2,'Questronix','2','QPS','qpshr2@mailinator.com','questronix'),(3,'Questronix','3','QPS','qpshr3@mailinator.com','questronix'),(4,'Questronix','4','QPS','qpshr4@mailinator.com','questronix'),(5,'Questronix','5','QPS','qpshr5@mailinator.com','questronix'),(6,'Questronix','6','QPS','qpshr6@mailinator.com','questronix'),(7,'Questronix','7','QPS','qpshr7@mailinator.com','questronix'),(8,'Questronix','8','QPS','qpshr8@mailinator.com','questronix'),(9,'Questronix','9','QPS','qpshr9@mailinator.com','questronix'),(10,'Questronix','10','QPS','qpshr10@mailinator.com','questronix'),(11,'Questronix','11','QPS','qpshr11@mailinator.com','questronix'),(12,'Questronix','12','QPS','qpshr12@mailinator.com','questronix'),(13,'Questronix','13','QPS','qpshr13@mailinator.com','questronix'),(14,'Questronix','14','QPS','qpshr14@mailinator.com','questronix'),(15,'Questronix','15','QPS','qpshr15@mailinator.com','questronix'),(16,'Questronix','16','QPS','qpshr16@mailinator.com','questronix'),(17,'Questronix','17','QPS','qpshr17@mailinator.com','questronix'),(18,'Questronix','18','QPS','qpshr18@mailinator.com','questronix'),(19,'Questronix','19','QPS','qpshr19@mailinator.com','questronix'),(20,'Questronix','20','QPS','qpshr20@mailinator.com','questronix'),(21,'Questronix','21','QPS','qpshr21@mailinator.com','questronix'),(22,'Questronix','22','QPS','qpshr22@mailinator.com','questronix'),(23,'Questronix','23','QPS','qpshr23@mailinator.com','questronix');

/*Table structure for table `exam_type` */

DROP TABLE IF EXISTS `exam_type`;

CREATE TABLE `exam_type` (
  `examtype_id` int(11) NOT NULL AUTO_INCREMENT,
  `examtype` varchar(25) NOT NULL,
  PRIMARY KEY (`examtype_id`)
) ENGINE=InnoDB AUTO_INCREMENT=8 DEFAULT CHARSET=latin1;

/*Data for the table `exam_type` */

insert  into `exam_type`(`examtype_id`,`examtype`) values (1,'Verbal Meaning'),(2,'Reasoning'),(3,'Letter Series'),(4,'Number Ability'),(5,'Ipi Aptitude '),(6,'Manchester Personality'),(7,'Essay');

/*Table structure for table `jobs` */

DROP TABLE IF EXISTS `jobs`;

CREATE TABLE `jobs` (
  `job_id` int(11) NOT NULL AUTO_INCREMENT,
  `job_title` varchar(50) NOT NULL,
  `job_description` text NOT NULL,
  `image` varchar(100) DEFAULT NULL,
  `status` varchar(20) NOT NULL,
  PRIMARY KEY (`job_id`)
) ENGINE=InnoDB AUTO_INCREMENT=4 DEFAULT CHARSET=latin1;

/*Data for the table `jobs` */

insert  into `jobs`(`job_id`,`job_title`,`job_description`,`image`,`status`) values (1,'Brand Manager | Security Solution','<p>\r\n\r\n</p><div><p>The <strong>Brand Manager for Security Solution </strong>is mainly responsible for the security business in the company based on QNX products as well as for the security solutions targets within the company. Other responsibilities include but are not limited to the following:</p><ul><li>Developing opportunities for security solutions based on QNX range of products.</li><li>Addressing clients\' requirements by using technical solution design.</li></ul></div><p></p>','public/dist/img/jobs/a.jpg','Posted'),(2,'Software Developer','<p>Software Developer</p>','public/dist/img/jobs/a1.jpg','Posted'),(3,'asd','<p>asdsadasdasdsadasdasdsadasdasdasdsadsadasdasdasdasdasdasdasdasdasdasdasdsadasasdasdadsssssssssssssssssssssssssssssssssssssssssssssssssssssssssssssssssssssssssssssaaaaaaaaaaaaaaaaaaaaaaaaaaaaaaaaaaaaaaaaaaaaaaaaaaaaaaaaaaaaaaaaaaaaaaaaaaaaaaaaaaaaaaaaaaaaaaaaaaaaaaaaaaaaaaaaaa</p>','public/dist/img/jobs/a2.jpg','Not Posted');

/*Table structure for table `question_bank` */

DROP TABLE IF EXISTS `question_bank`;

CREATE TABLE `question_bank` (
  `question_id` int(11) NOT NULL AUTO_INCREMENT,
  `examtype_id` int(11) NOT NULL,
  `question` text NOT NULL,
  `option1` varchar(255) DEFAULT NULL,
  `option2` varchar(255) DEFAULT NULL,
  `option3` varchar(255) DEFAULT NULL,
  `option4` varchar(255) DEFAULT NULL,
  `option5` varchar(255) DEFAULT NULL,
  `answer` varchar(255) DEFAULT NULL,
  PRIMARY KEY (`question_id`),
  KEY `question_id` (`question_id`,`examtype_id`),
  KEY `examtype_id` (`examtype_id`),
  CONSTRAINT `question_bank_ibfk_1` FOREIGN KEY (`examtype_id`) REFERENCES `exam_type` (`examtype_id`)
) ENGINE=InnoDB AUTO_INCREMENT=265 DEFAULT CHARSET=latin1;

/*Data for the table `question_bank` */

insert  into `question_bank`(`question_id`,`examtype_id`,`question`,`option1`,`option2`,`option3`,`option4`,`option5`,`answer`) values (1,1,'Template','Storm','Sanctuary','Tendency','Pattern','System','Pattern'),(2,1,'Facet','Copy','Quantity','Facient','Aspect','Cycle','Aspect'),(3,1,'Residual','Remaining','Plentiful','Livable','Originate','Attach','Remaining'),(4,1,'Amalgamate','Consolidate','Attenuate','Resember','Syndicate','Infiltrate','Consolidate'),(5,1,'Aggregate','Totality','Permutation','Provocation','Partial','Component','Totality'),(6,1,'Conglomerate','Integrate','Accumulate','Sever','Obstruct','Conjugate','Accumulate'),(7,1,'Bias','Direction','Compulsion','Predisposition','Duality','Impartiality','Predisposition'),(8,1,'Ascertain','Judge','Determine','Examine','Analyze','Declare','Determine'),(9,1,'Paradox','Dispersion','Absurdity','Prototype','Concession','Pessimism','Absurdity'),(10,1,'Inexorable','Assessable','Partisan','Unrelenting','Tangible','Faithful','Unrelenting'),(11,1,'Premise','Environ','Presupposition','Apprehension','Deduction','Appraisal','Presupposition'),(12,1,'Random','Instant','Chance','Widespread','Regular','Reckless','Chance'),(13,1,'Consummation','Correlation','Periphery','Alliance','Culmination','Comprisal','Culmination'),(14,1,'Inherent','Constituent','Bequeathed','Perceptive','Intrinsic','Attributable','Intrinsic'),(15,1,'Autonomous','Exempted','Instinctive','Subordinate','Prone','Independent','Independent'),(16,1,'Facsimile','Illustration','Contrast','Dexterity','Reproduction','Similarity','Reproduction'),(17,1,'Actuate','Create','Impel','Deter','Quicken','Adapt','Impel'),(18,1,'Compliant','Complex','Adjustable','Approving','Obedient','Persistent','Obedient'),(19,1,'Secular','Civil','Guaranteed','Pious','Standard','Transitory','Civil'),(20,1,'Proprietary','Conformity','Leased','Unshared','Owned','Managerial','Owned'),(21,1,'Simultaneous','Relative','Congruent','Imitable','Contemporary','Collateral','Contemporary'),(22,1,'Parameter','Variable','Scope','Boundary','Origin','Equidistant','Variable'),(23,1,'Axiomatic','Proven','Theoretical','Self-evident','Central','Experimental','Self-evident'),(24,1,'Preclude','Prevent','Interrupt','Remove','Defeat','Contain','Prevent'),(25,1,'Disseminate','Promulgate','Disguise','Dispel','Disunite','Separate','Promulgate'),(26,1,'Expropriate','Abandon','Efface','Exploit','Reproach','Dispossess','Dispossess'),(27,1,'Extraneous','Excessive','Objective','Foreign','Exceptional','Essential','Foreign'),(28,1,'Inertia','Agitation','Inactivity','Permanence','Indolence','Weakness','Inactivity'),(29,1,'Pragmatic','Irresolute','Reactionary','Vulnerable','Unreasonable','Practical','Practical'),(30,1,'Analog','Variation','Result','Repetition','Reciprocal','Parallel','Parallel'),(31,1,'Proliferation','Maturation','Abundance','Evolution','Impotency','Propagation','Propagation'),(32,1,'Pervasive','Influential','Corrupt','Diffuse','Void','Abnormal','Diffuse'),(33,1,'Attenuate','Listen','Lessen','Retire','Decay','Increaase','Lessen'),(34,1,'Debenture','Credit','Certificate','Discharge','Agreement','Endorsement','Certificate'),(35,1,'Prudence','Obtuseness','Perception','Audacity','Solicitude','Circumspection','Circumspection'),(36,1,'Reposit','Allot','Consign','Store','Amass','Reinstate','Store'),(37,1,'Recondite','Obsolete','Recoverable','Strategic','Profound','Tactical','Profound'),(38,1,'Incimal','Bilateral','Unique','Hostile','Introductory','Unjust','Hostile'),(39,2,'The relation between distance, time, and average rate of speed is expressed as d = rt. If r is constant, and t increases, d','increases only if r is greater than t','decreases only if r is greater than t','is unchanged regardless of the size of r and t','increases regardless of the size of r and t','decreases regardless of the size of r and t','increases regardless of the size of r and t'),(40,2,'A company places an amount of money F each month in each employees vacation account. This amount F is determined by multiplying the salary earned that month, S, by a fixed rate which is X percent. If S1, S2 and S3 are the salaries earned by an employee in three months, the total amount of money placed in the employees vacation account during this period will be','${{XS_1\\over 100}+{2XS_2\\over 100}+{3XS_3\\over 100}}$','${XS\\over 100}$','${100XS}$','${{F-X}{(S_1 + S_2 + S_3)}}$','${{XS_1\\over 100}+{XS_2\\over 100}+{XS_3\\over 100}}$','${{XS_1\\over 100}+{XS_2\\over 100}+{XS_3\\over 100}}$'),(41,2,'It is proposed that a state income tax rate be set at X percent on the first A dollars of income and Y percent of the additional income B in dollars. The fixed allowance of K dollars is to be deducted from this estimated tax for each dependent to obtain the net amount due. If d is the number of dependents, the net amount due can be expressed as','${{xy\\over 100}{(A + B  - Kd)}}$','${{xy(A + B)\\over 100} - {Kd}}$','${{x\\over100}{(A - Kd)}+{y\\over100}{B-Kd}}$','${{xA\\over 100}+{yB\\over 100}{Kd}}$','${{xA\\over 100}+{yB\\over100}{(B - Kd)}}$','${{xA\\over 100}+{yB\\over 100}{Kd}}$'),(42,2,'If a man takes a trip X miles and his car averages Y miles per gallon, how much will gasoline cost for the trip when gasoline is t cents per gallon?','${tXY}$','${tX\\over Y}$','${x\\over tY}$','${XY\\over t}$','${X - tY}$','${tX\\over Y}$'),(43,2,'The charge for postage on a certain class of mail is T cents for the first ounce and W cents for each ounce over one ounce. A special handling stamp for this class of mail costs Z cents. What will be the total cost in cents of mailing a package weighing R ounces(R is a whole number greater than one), with special handling?','${T + Z + WR}$','${T + Z + W + R}$','${TR + WR + Z}$','${T + W(R - 1) + Z}$','${R(T+W) - Z}$','${T + W(R - 1) + Z}$'),(44,2,'If A is greater than B, and B is greater than C, and C is equal to D, and D is greater than E, which of the following represents the greatest value?','${A\\over B}$','${A\\over C}$','${A\\over E}$','${B\\over D}$','${C\\over E}$','${A\\over E}$'),(45,2,'If in the expression A multipled by B, A is divided by a given positive number C, and B is multiplied by the same number C, the value of the product will','increase if A is greater than B','decrease if A is greater than B','remain constant regardless of the size of A and B','remain constant only if A equals B','be either larger or smaller depending on the value C','remain constant regardless of the size of A and B'),(46,2,'S represents the speed of a fast assembly line and R represents the speed of a slow assembly line in units-per-hour. If t represents a period of time in hours, which one of the following formulas represents the number of extra units that could be processed through the faster assembly line in time t?','${SR\\over t}$','${{S\\over t}-{R\\over t}}$','${St - Rt}$','${St\\over R}$','${S\\over Rt}$','${St - Rt}$'),(47,2,'Multiplying by 5 is the same as dividing by','${.02}$','${.50}$','${2}$','${.20}$','${50}$','${.20}$'),(48,2,'A research scientist contracts with a computing center to have data analyzed. The IBM cards cost X dollars for 100 cards. The researcher knows he will need a total of 1250 cards. He will have to pay Y dollars per hour to a machine operator, who can punch  T cards per-hour. A flat rate of Z dollars is set for the machine-time needed. Which of the following represents his total cost for the project?','${{X\\over 12.5}+{YT\\over 1250}+{Z}}$','${{1250X}+{1250Y\\over T}+{Z}}$','${{12.5X}+{Y(1250)\\over T}+{Z}}$','${{100\\over 1250X}+{T\\over 1250Y}+{Z}}$','${{12.5X}+{12.5Y\\over T}+{Z}}$','${{12.5X}+{Y(1250)\\over T}+{Z}}$'),(49,2,'The area of a triangle is determined by the following formula ${1\\over2}{bh}$ If the base b of a triangle is multiplied by 4 and the height h is divided by 2, the area of the new triangle','is 4 times the area of the original one','is ${1\\over 2}$ the area of the original one','is  ${1\\over 4}$ the area of the original one','remains constant','is twice the area of the original one','is twice the area of the original one'),(50,2,'An appliance store owner sent out coupons worth $5 in trade, and circulars advertising refrigerators at D% discount from list price. If a customer bought a refrigerator having a list price of R dollars and presented the coupon as partial payment, which of the following represents the amount of cash he paid for the refrigerator.','${R-100DR-5}$','${R-{(DR)\\over 100}-5}$','${R- {R\\over 100D} - 5}$','${D(R-5)\\over 100}$','${100(R-5)}$','${R-{(DR)\\over 100}-5}$'),(51,2,'${Y={kxz\\over z}}$ If k and u are each multiplied by four, Y','is 4 times as large','is 8 times as large','is 16 times at large','remains the same','not of the above','remains the same'),(52,2,'S dollars are divided among 4 persons so that each person after the first one receives $10 more than the preceding person. How much does the first person L receive?','${S\\over 4L + 60}$','${4(S-60)}$','${S\\over 4L + 4Q}$','${S - 60 \\over  4}$','${S + 60 \\over  4}$','${S - 60 \\over  4}$'),(53,2,'S is a varying value in the expression 1/8 divided by S. If S is decreased by half of its own amount, the value of the whole expression will','increase by ${S\\over 2}$','decrease by ${S\\over 2}$','remain unchange','be divided by 2','double','double'),(54,2,'If 4 out of 36 samples are below standard, the percentage of samples below standard is','${11\\%}$','${90\\%}$','${9\\%}$','${.9\\%}$','${.11\\%}$','${11\\%}$'),(55,2,'The interest payment at the end of one year on a loan of D dollars is S dollars. Which of the following expressions shows the annual interest rate if it is expressed as a percentage?','${100S\\over D}$','${100D\\over S}$','${SD\\over 100}$','${SD}$','${100SD}$','${100S\\over D}$'),(56,2,'The loss in electrical power in high-voltage transmission lines is given by the formula  ${L=l^2R}$. L represents the power loss. L the electric current, and R the resistance of the wire. If the current is decreased by half and the resistance of the wire remains the same , the power loss is','reduced by one-half value of l','divided by 2','multiplied by 2','change in some other way than those listed','divided by 4','divided by 4'),(57,2,'If you attach an additional 5 at the extreme right of the expression 46.56, the ratio of the value of the new 5 as compared to the value of the 5 two places to its left is','10 to 1','100 to 1','1 to 100',' 1 to 10','1 to 1000','1 to 100'),(58,2,'If a car travels m miles in h hours, how much time will it take for it to travel M miles?','${{M\\over m } hours}$','${{mh\\over M } hours}$','${{M\\over h } hours}$','${{Mh\\over m } hours}$','${{Mm\\over h } hours}$','${{Mh\\over m } hours}$'),(59,2,'The product of all positive whole numbers from 1 to a given whole number x is written as x1. According to this, 41 equals','${4.444}$','${8}$','${16}$','${24}$','${256}$','${24}$'),(60,2,'<i style=\"font-weight: normal;\">In answering items 60, 61, and 62, suppose that instead of the ten digits represented by symbols 1, 2, 3, 4, 5, 6, 7 and 0, the number system contained only eight digits, represented by the following symbols: *, #, ), S, C, ( %, /. Use the meaning of the symbols as shown, and suppose the number system is based on a scale of 8 instead of a scale of 10, and that quantities larger than 7 must be represented by more than one digit.  														<br/> Symbol:&nbsp;&nbsp;&nbsp;&nbsp;&nbsp;*&nbsp;#&nbsp;)&nbsp;S&nbsp;C&nbsp;(&nbsp;%&nbsp;/ 													<br/>Meaning: 1 2 3 4 5 6 7 0 												</i>												<br/>												<br/>\r\nUnder this new system, the number of fingers a person has would be represented as','8','*/','**','*#','none of the foregoing','*#'),(61,2,'<i style=\"font-weight: normal;\">In answering items 60, 61, and 62, suppose that instead of the ten digits represented by symbols 1, 2, 3, 4, 5, 6, 7 and 0, the number system contained only eight digits, represented by the following symbols: *, #, ), S, C, ( %, /. Use the meaning of the symbols as shown, and suppose the number system is based on a scale of 8 instead of a scale of 10, and that quantities larger than 7 must be represented by more than one digit.  														<br/> Symbol:&nbsp;&nbsp;&nbsp;&nbsp;&nbsp;*&nbsp;#&nbsp;)&nbsp;S&nbsp;C&nbsp;(&nbsp;%&nbsp;/ 													<br/>Meaning: 1 2 3 4 5 6 7 0 												</i>												<br/>												<br/>\r\nOur money systems is set up in such a way  that the basic unit (the dollar) is divided into 100 equal parts(cents). If the number system were based on a scale of 8, into how many equal parts would out basic money unit probably  have been divided?','64','80','96','100','144','64'),(62,2,'<i style=\"font-weight: normal;\">In answering items 60, 61, and 62, suppose that instead of the ten digits represented by symbols 1, 2, 3, 4, 5, 6, 7 and 0, the number system contained only eight digits, represented by the following symbols: *, #, ), S, C, ( %, /. Use the meaning of the symbols as shown, and suppose the number system is based on a scale of 8 instead of a scale of 10, and that quantities larger than 7 must be represented by more than one digit.  														<br/> Symbol:&nbsp;&nbsp;&nbsp;&nbsp;&nbsp;*&nbsp;#&nbsp;)&nbsp;S&nbsp;C&nbsp;(&nbsp;%&nbsp;/ 													<br/>Meaning: 1 2 3 4 5 6 7 0 												</i>												<br/>												<br/>\r\nWhat quantity would #) represent?','19','21','23','25','none of the foregoing','19'),(63,3,'f o t g o s h o r I o','j','k','n','q','o','q'),(64,3,'b a m b u m s a m s u m f','u','i','m','p','a','a'),(65,3,'m o n p q s r t','s','t','u','b','w','u'),(66,3,'e f g h j k l m','n','o','p','q ','r','o'),(67,3,'a a t w d d q n g g b e','g','h','j','i','k','j'),(68,3,'x y z u v w r s t','n','o','m','p','l','o'),(69,3,'l l m m l l m n m l l m n o m','n','o','p','m','l','l'),(70,3,'b c a d f g e h j k i','p','n','m','o','l','l'),(71,3,'b c d a f g h e j k l','m','p','h','i','q','i'),(72,3,'c t c d n d e k e f g','d','e','f','g','h','f'),(73,3,'f f b n n d q p p f y y ','g','i','h','f','e','h'),(74,3,'a e I m q u','v','y','x','z','w','y'),(75,3,'a d g x a k p t a c n y','a','j','i','u','l','a'),(76,3,'a v b s s c q d k k e m f r','g','p','r','n','f','r'),(77,3,'x t v s h r g q e','p','b','v','n','d','p'),(78,3,'a b v u c d e t s f g h i','r','o','k','q','j','r'),(79,3,'d e g j n s','z','v','w','x','y','y'),(80,3,'a z c w e t q g i','n','k','l','m','o','n'),(81,3,'h m r k h p r n h s','q','r','s','t','u','r'),(82,3,'b k o e m v o e g p','k','w','o','e','d','o'),(83,3,'b h m q t','v','w','x','y','u','v'),(84,3,'h h f h f o h f o d h','g','f','e','d','h','f'),(85,3,'a c b e d h g l','k','m','n','l','j','k'),(86,3,'c u d f v g j w k m x n q y r','x','z','w','s','t','t'),(87,3,'z v w s t p q','l','m','n','o','p','m'),(88,3,'f a g j b k o c p','w','u','s','t ','v','u'),(89,4,'${10,099 + 99}$','10,098','10,198','10,998','11,990',NULL,'10,198'),(90,4,'${35 + 745 - 135}$','880','845','680','645',NULL,'645'),(91,4,'${.75 \\times 44,000}$','33,000','30,000','3300','330',NULL,'33,000'),(92,4,'${{25\\%} of 592}$ (approximate)','15','115','125','150',NULL,'150'),(93,4,'${625\\% of 7.79}$ (approximate)','0.048','4.08','4.8','48',NULL,'48'),(94,4,'${3876 \\div 12.84}$ (approximate)','50','100','300','500',NULL,'300'),(95,4,'${842.8 \\div 60.2}$','14.0','1.4','0.14','140',NULL,'14.0'),(96,4,'${22.9 + 43.6 - 2.9}$','45.5','54.5','63.6','69.4',NULL,'63.6'),(97,4,'${5.77\\% of 418}$ (approximate)','2.4','24','70','700',NULL,'24'),(98,4,'${2\\over7} \\times 5.04$','14.4','1.76','1.44','0.176',NULL,'1.44'),(99,4,'${1\\over8} {\\times 512} \\div .125$','500','300','50','33',NULL,'500'),(100,4,'${{6\\over48} \\div {48\\over12}}$','${4-1\\over 8}$','${1\\over 2}$','${54\\over 60}$','12',NULL,'${4-1\\over 8}$'),(101,4,'${412.26 \\div .2011}$ (approximate)','20,000','2000','200','20',NULL,'2000'),(102,4,'${2.904 + .0006}$','2.9046','2.910','2.990','3.000',NULL,'2.9046'),(103,4,'${364, 157 \\div 723}$ (approximate)','50,300','4990','500','60',NULL,'500'),(104,4,'${.25 \\times 1496} \\div {1\\over 4}$(approximate)','112','1200','1500','1700',NULL,'1500'),(105,4,'${55 \\times} {1\\over 1000}$','5.5','0.055','0.005','0.005',NULL,'0.055'),(106,4,'${.667 \\times 3289.2}$ (approximate)','210','1800','2020','2200',NULL,'2200'),(107,4,'${.799 \\times .256}$ (approximate)','0.16','0.2','1.6','20',NULL,'0.2'),(108,4,'${608 \\times 450}$ (approximate)','3000','24,000','270,000','2,400,000',NULL,'270,000'),(109,4,'${385 \\times 412\\div 792}$ (approximate)','15','20','150','200',NULL,'200'),(110,4,'${152.8 \\div} {1\\over 10}$ (approximate)','1.5','15','150','1500',NULL,'1500'),(111,4,'${124.8 \\div} {1\\over 8}$ (approximate)','1000','150','100','15',NULL,'1000'),(112,4,'${.0471 \\times 21.2}$','9.9852','0.99852','0.099852','0.0099852',NULL,'0.99852'),(113,4,'${.5\\% of 8604}$ (approximate)','4.3','43','430','4300',NULL,'43'),(114,4,'${{29-4\\over 33}{\\div 31}}$','${1-2\\over 31}$','${31\\over 33}$','${31\\over 961}$','${957\\over 31}$',NULL,'${31\\over 33}$'),(115,4,'${{.33} {\\div} {1\\over 6}}$ (approximate)','3.8','2.0','1.8','0.055',NULL,'2.0'),(116,4,'${{28-16+16}\\over {7-4+6}}$','1','${1-1\\over 4}$','2','${2-14\\over 17}$',NULL,'2'),(117,5,'Which group does NOT BELONG','CCCC','NNNN','KLMN','TTTT',NULL,'KLMN'),(118,5,'The NEXT number is: 4 5 5 6 6 6?','6','9','8','7',NULL,'7'),(119,5,'The NEXT number is: 42 40 38 36 34 32?','30','29','26','28',NULL,'30'),(120,5,'The NEXT number is: abbcccdddd ?','c','e','d','f',NULL,'e'),(121,5,'The NEXT number is: 25 25 20 20 15 15 ?','15','11','10','12',NULL,'10'),(122,5,'The NEXT number is: 20 2 18 2 16 2?','12','16','15','14',NULL,'14'),(123,5,'The NEXT number is: 9 10 11 12 13 14 ?','13','14','15','16',NULL,'15'),(124,5,'The NEXT number is: 3 6 9 12 15 18 ?','21','22','19','20',NULL,'21'),(125,5,'Which group does NOT BELONG?','RSTT','FGHF','BCDD','KLMM',NULL,'FGHF'),(126,5,'The NEXT letter is: ababcdcdefef?','v','e','f','g',NULL,'g'),(127,5,'The NEXT letter is: abababab?','b','a','d','c',NULL,'a'),(128,5,'The NEXT number is: 25 24 23 22 21 20?','18','26','19','20',NULL,'19'),(129,5,'Which group does NOT BELONG?','BXKM','OAIU','EAUO','UEIA',NULL,'BXKM'),(130,5,'Which group does NOT BELONG?','SPHS','SMCS','SLPS','TBMT',NULL,'TBMT'),(131,5,'The NEXT number is: 2 24 24 3 25 25?','4','26','27','3',NULL,'4'),(132,5,'The NEXT number is: 26 22 20 16 14 10?','12','8','9','10',NULL,'8'),(133,5,'Which group does NOT BELONG?','NOPQ','BCDE','ZHNA','TUYW',NULL,'ZHNA'),(134,5,'Which group does NOT BELONG?','GHHI','CDDE','STTU','LMNN',NULL,'LMNN'),(135,5,'The NEXT letter is fffffgggghhhi?','j','k','l','i',NULL,'i'),(136,5,'The NEXT number is: 1 2 4 8 16 32?','64','48','96','36',NULL,'64'),(137,5,'The NEXT number is: 5 7 10 12 15 17?','22','23','20','21',NULL,'20'),(138,5,'The NEXT number is: 13 5 14 6 15 7?','8','16','12','14',NULL,'16'),(139,5,'The NEXT letter is: fsgshsis?','i','s','t','j',NULL,'j'),(140,5,'Which group does NOT BELONG?','PQRS','BCBC','WXWX','MNMN',NULL,'PQRS'),(141,5,'Which group does NOT BELONG?','JABK','WABX','APQB','MABN',NULL,'APQB'),(142,5,'The NEXT letter is: tsrqponm?','k','m','l','n',NULL,'l'),(143,5,'Which group does NOT BELONG?','LLMN','QRSS','UUVW','CCDE',NULL,'QRSS'),(144,5,'The NEXT number is: 27 26 28 25 29 24?','30','23','25','22',NULL,'30'),(145,5,'The NEXT letter is: rrsttuvvwxxy?','y','z','WXWX','x',NULL,'z'),(146,5,'The NEXT number is: 1 2 6 7  11 12?','14','15','16','13',NULL,'16'),(147,5,'Which group does NOT BELONG?','BLMN','SJKL','SVWX','SBCD',NULL,'BLMN'),(148,5,'The NEXT letter is ghighjghkgh?','i','g','m','l',NULL,'l'),(149,5,'Which group does NOT BELONG?','TSRQ','UVWX','HGFE','NMLK',NULL,'UVWX'),(150,5,'The NEXT letter is: xgwhviuj?','k','v','i','t',NULL,'t'),(151,5,'The NEXT letter is: rstarstbrst?','u','c','a','b',NULL,'c'),(152,5,'The NEXT letter is: abcxyzdefxyzghi?','j','k','x','z',NULL,'x'),(153,5,'The NEXT letter is: kkmmooqq?','t','s','u','r',NULL,'s'),(154,5,'Which group does NOT BELONG?','MDWN','KGTK','FXBF','VJDV',NULL,'MDWN'),(155,5,'The NEXT letter is: bcbdedfgfhih?','g','h','i','j',NULL,'j'),(156,5,'Which group does NOT BELONG?','CWKR','KRWC','WRCK','HVBP',NULL,'HVBP'),(157,5,'The NEXT number is: 42 45 15 18 6 9?','3','12','6','9',NULL,'3'),(158,5,'The NEXT letter is: dresftgu?','g','h','v','w',NULL,'h'),(159,5,'The NEXT letter is: dedfdgdh?','g','h','d','i',NULL,'d'),(160,5,'Which group does NOT BELONG?','DRSE','TGHU','MCND','KABL',NULL,'MCND'),(161,5,'Which group does NOT BELONG?','GHIJ','TYWK','KMNO','ACDE',NULL,'GHIJ'),(162,5,'The NEXT letter is: gikmoqs?','u','v','r','t',NULL,'u'),(163,5,'The NEXT number is 3 6 11 18 27 38?','49','51','42','45',NULL,'51'),(164,5,'Which group does NOT BELONG?','RSTQ','DEFC','VWXU','KLMH',NULL,'KLMH'),(165,5,'The NEXT letter is: klnoqrtu','t','UVWX','v','w',NULL,'w'),(166,5,'The NEXT letter is: jklghidef?','a','b','c','d',NULL,'a'),(167,5,'Which group does NOT BELONG?','LKSR','WVHG','GNFM','DCYX',NULL,'GNFM'),(168,5,'The NEXT number is: 3 5 10 12 24 26?','48','52','28','36',NULL,'52'),(169,5,'The NEXT number is: 7 6 8 24 6 5?','10','15','7','6',NULL,'7'),(170,5,'Which group does NOT BELONG?','OVXE','ABDI','EFGU','IKMO',NULL,'EFGU'),(171,6,'I seem to have the same ideas as other people','Never','Occasionally','Fairly Often','Generally','Always',NULL),(172,6,'I tend to follow the rules','Never','Occasionally','Fairly Often','Generally','Always',NULL),(173,6,'I dislike discussing theories and concept','Never','Occasionally','Fairly Often','Generally','Always',NULL),(174,6,'I fail to push my own views and ideas','Never','Occasionally','Fairly Often','Generally','Always',NULL),(175,6,'I find it hard to put people at ease','Never','Occasionally','Fairly Often','Generally','Always',NULL),(176,6,'I forgot to ask people what they think','Never','Occasionally','Fairly Often','Generally','Always',NULL),(177,6,'I keep my personal emotions under control','Never','Occasionally','Fairly Often','Generally','Always',NULL),(178,6,'I tend to dislike working on my own','Never','Occasionally','Fairly Often','Generally','Always',NULL),(179,6,'I make decisions without gathering a lot of information','Never','Occasionally','Fairly Often','Generally','Always',NULL),(180,6,'I dislike successful people','Never','Occasionally','Fairly Often','Generally','Always',NULL),(181,6,'I find my values clash with those of my colleagues','Never','Occasionally','Fairly Often','Generally','Always',NULL),(182,6,'I leave jobs unfinished','Never','Occasionally','Fairly Often','Generally','Always',NULL),(183,6,'I find it hard to take decisions','Never','Occasionally','Fairly Often','Generally','Always',NULL),(184,6,'I can handle criticisms without getting defensive','Never','Occasionally','Fairly Often','Generally','Always',NULL),(185,6,'I dislike planning ahead','Never','Occasionally','Fairly Often','Generally','Always',NULL),(186,6,'I invent new ways of doing things','Never','Occasionally','Fairly Often','Generally','Always',NULL),(187,6,'I am prepared to ignore rules and procedures','Never','Occasionally','Fairly Often','Generally','Always',NULL),(188,6,'I like to let my imagination run free','Never','Occasionally','Fairly Often','Generally','Always',NULL),(189,6,'I tend to argue my own point of view','Never','Occasionally','Fairly Often','Generally','Always',NULL),(190,6,'I find other people support my ideas','Never','Occasionally','Fairly Often','Generally','Always',NULL),(191,6,'I praise people for their efforts','Never','Occasionally','Fairly Often','Generally','Always',NULL),(192,6,'I express my feelings rather than keep them to myself','Never','Occasionally','Fairly Often','Generally','Always',NULL),(193,6,'I like to solve my own problems','Never','Occasionally','Fairly Often','Generally','Always',NULL),(194,6,'I weigh up different options before taking decisions','Never','Occasionally','Fairly Often','Generally','Always',NULL),(195,6,'I set myself challenges','Never','Occasionally','Fairly Often','Generally','Always',NULL),(196,6,'I tend to feel a strong sense of duty','Never','Occasionally','Fairly Often','Generally','Always',NULL),(197,6,'I set myself high standards','Never','Occasionally','Fairly Often','Generally','Always',NULL),(198,6,'I feel in full control of things','Never','Occasionally','Fairly Often','Generally','Always',NULL),(199,6,'I worry about what others think of me','Never','Occasionally','Fairly Often','Generally','Always',NULL),(200,6,'I am keen to try new approaches','Never','Occasionally','Fairly Often','Generally','Always',NULL),(201,6,'I find it hard to see how to improve things','Never','Occasionally','Fairly Often','Generally','Always',NULL),(202,6,'I prefer established methods to new applications','Never','Occasionally','Fairly Often','Generally','Always',NULL),(203,6,'I tend to approach task from the usual angles','Never','Occasionally','Fairly Often','Generally','Always',NULL),(204,6,'I find it difficult to hold my ground against a group','Never','Occasionally','Fairly Often','Generally','Always',NULL),(205,6,'I find it difficult to mix in social situations','Never','Occasionally','Fairly Often','Generally','Always',NULL),(206,6,'I tend to ignore other people\'s feelings','Never','Occasionally','Fairly Often','Generally','Always',NULL),(207,6,'I keep my personal views about people to myself','Never','Occasionally','Fairly Often','Generally','Always',NULL),(208,6,'I work best as a member of a team','Never','Occasionally','Fairly Often','Generally','Always',NULL),(209,6,'I take decisions without necessarily establishing the facts','Never','Occasionally','Fairly Often','Generally','Always',NULL),(210,6,'I think a lot about the present rather than the future','Never','Occasionally','Fairly Often','Generally','Always',NULL),(211,6,'I am apt to treat people with authority insensitively','Never','Occasionally','Fairly Often','Generally','Always',NULL),(212,6,'I forgot to check the quality of my work','Never','Occasionally','Fairly Often','Generally','Always',NULL),(213,6,'I take decisions slowly','Never','Occasionally','Fairly Often','Generally','Always',NULL),(214,6,'I can take unpopular decisions without any difficulty','Never','Occasionally','Fairly Often','Generally','Always',NULL),(215,6,'I tend to be unrealistic about what I can achieve','Never','Occasionally','Fairly Often','Generally','Always',NULL),(216,6,'I am a person who originates changes','Never','Occasionally','Fairly Often','Generally','Always',NULL),(217,6,'I tend to challenge rules and procedures','Never','Occasionally','Fairly Often','Generally','Always',NULL),(218,6,'I am interested in new ideas and innovations','Never','Occasionally','Fairly Often','Generally','Always',NULL),(219,6,'I have strong views on how things should be done','Never','Occasionally','Fairly Often','Generally','Always',NULL),(220,6,'People seem to ask for my advice','Never','Occasionally','Fairly Often','Generally','Always',NULL),(221,6,'In a group, I acknowledge good points other people make','Never','Occasionally','Fairly Often','Generally','Always',NULL),(222,6,'I let people know how I feel about things','Never','Occasionally','Fairly Often','Generally','Always',NULL),(223,6,'I require a lot of personal space','Never','Occasionally','Fairly Often','Generally','Always',NULL),(224,6,'I tend to check the logic of my thinking','Never','Occasionally','Fairly Often','Generally','Always',NULL),(225,6,'I need to feel I am accomplishing something','Never','Occasionally','Fairly Often','Generally','Always',NULL),(226,6,'People have a responsibility to work hard for society','Never','Occasionally','Fairly Often','Generally','Always',NULL),(227,6,'I tend to be perfectionist in my work','Never','Occasionally','Fairly Often','Generally','Always',NULL),(228,6,'I take action when I see what needs to be done','Never','Occasionally','Fairly Often','Generally','Always',NULL),(229,6,'I feel threatened by people who don\'t like me','Never','Occasionally','Fairly Often','Generally','Always',NULL),(230,6,'I remain calm in different situations','Never','Occasionally','Fairly Often','Generally','Always',NULL),(231,6,'I have to work hard to make things happen','Never','Occasionally','Fairly Often','Generally','Always',NULL),(232,6,'I am inclined to do things in fairly conventional ways','Never','Occasionally','Fairly Often','Generally','Always',NULL),(233,6,'I dislike tackling complex tasks','Never','Occasionally','Fairly Often','Generally','Always',NULL),(234,6,'I hold back if I suspect people won\'t like what I say','Never','Occasionally','Fairly Often','Generally','Always',NULL),(235,6,'I tend to be unsure of the impact I have on people','Never','Occasionally','Fairly Often','Generally','Always',NULL),(236,6,'I forget to check people\'s views','Never','Occasionally','Fairly Often','Generally','Always',NULL),(237,6,'I keep quiet about my ambitions','Never','Occasionally','Fairly Often','Generally','Always',NULL),(238,6,'I enjoy working closely with people','Never','Occasionally','Fairly Often','Generally','Always',NULL),(239,6,'I fail to predit the consequences of my actions','Never','Occasionally','Fairly Often','Generally','Always',NULL),(240,6,'I dislike the competitive aspect of work','Never','Occasionally','Fairly Often','Generally','Always',NULL),(241,6,'Traditions prevent progress in modern society','Never','Occasionally','Fairly Often','Generally','Always',NULL),(242,6,'I miss deadlines','Never','Occasionally','Fairly Often','Generally','Always',NULL),(243,6,'I dislike being in charge','Never','Occasionally','Fairly Often','Generally','Always',NULL),(244,6,'I feel content about what I am achieving','Never','Occasionally','Fairly Often','Generally','Always',NULL),(245,6,'I tend to boast about my achievements','Never','Occasionally','Fairly Often','Generally','Always',NULL),(246,6,'I seem to have original ideas','Never','Occasionally','Fairly Often','Generally','Always',NULL),(247,6,'I am apt to make things up as I go along','Never','Occasionally','Fairly Often','Generally','Always',NULL),(248,6,'I tend to need change to stay interested','Never','Occasionally','Fairly Often','Generally','Always',NULL),(249,6,'I am inclined to look critically at people in charge','Never','Occasionally','Fairly Often','Generally','Always',NULL),(250,6,'I tend to take control when others are uncertain what to do','Never','Occasionally','Fairly Often','Generally','Always',NULL),(251,6,'I apologise when I have made a mistake','Never','Occasionally','Fairly Often','Generally','Always',NULL),(252,6,'I share my problems with other people','Never','Occasionally','Fairly Often','Generally','Always',NULL),(253,6,'I prefer to find out things by myself','Never','Occasionally','Fairly Often','Generally','Always',NULL),(254,6,'I approach things in a logical manner','Never','Occasionally','Fairly Often','Generally','Always',NULL),(255,6,'I like to win','Never','Occasionally','Fairly Often','Generally','Always',NULL),(256,6,'Attitude and respect is the way to win people\'s hearts','Never','Occasionally','Fairly Often','Generally','Always',NULL),(257,6,'I work harder than the average person','Never','Occasionally','Fairly Often','Generally','Always',NULL),(258,6,'I manage to cope with stress','Never','Occasionally','Fairly Often','Generally','Always',NULL),(259,6,'I feel a need to please others','Never','Occasionally','Fairly Often','Generally','Always',NULL),(260,6,'I treat people as my equal','Never','Occasionally','Fairly Often','Generally','Always',NULL),(261,7,'How do you see your future five(5) years from now?',NULL,NULL,NULL,NULL,NULL,NULL),(262,7,'How do you see your future if you will be joining Questronix Corporation?',NULL,NULL,NULL,NULL,NULL,NULL),(263,7,'What are your personal and professional plans and programs?',NULL,NULL,NULL,NULL,NULL,NULL),(264,7,'Identify the roles and functions of',NULL,NULL,NULL,NULL,NULL,NULL);

/*!40101 SET SQL_MODE=@OLD_SQL_MODE */;
/*!40014 SET FOREIGN_KEY_CHECKS=@OLD_FOREIGN_KEY_CHECKS */;
/*!40014 SET UNIQUE_CHECKS=@OLD_UNIQUE_CHECKS */;
/*!40111 SET SQL_NOTES=@OLD_SQL_NOTES */;
